Country Name,Country Code,Indicator Name,Indicator Code,2016,2017,2018,2019,2020
Aruba,ABW,GDP growth (annual %),NY.GDP.MKTP.KD.ZG,2.09999958566985,1.9999991044233,,,
Africa Eastern and Southern,AFE,GDP growth (annual %),NY.GDP.MKTP.KD.ZG,2.01939062836405,2.54229793216005,2.47527173582702,2.07789785482258,-2.9391855811122
Afghanistan,AFG,GDP growth (annual %),NY.GDP.MKTP.KD.ZG,2.26031420130452,2.64700320195786,1.18922812838034,3.911603419423,-2.35110067344623
Africa Western and Central,AFW,GDP growth (annual %),NY.GDP.MKTP.KD.ZG,0.127594842940539,2.31804152943607,2.95223031342169,3.19033646943127,-0.884980919459011
Angola,AGO,GDP growth (annual %),NY.GDP.MKTP.KD.ZG,-2.58004964404932,-0.147212941085755,-2.00362972730201,-0.624644317706895,-5.39998738958575
Albania,ALB,GDP growth (annual %),NY.GDP.MKTP.KD.ZG,3.31498068405152,3.80222740018748,4.01935968580831,2.11341998165848,-3.95539792669307
Andorra,AND,GDP growth (annual %),NY.GDP.MKTP.KD.ZG,3.70967806978986,0.346071889630295,1.58876549046354,2.01554763848308,-11.9526932539653
Arab World,ARB,GDP growth (annual %),NY.GDP.MKTP.KD.ZG,3.20003366601181,0.929186997414092,2.39775322151057,2.05038751157234,-5.28184428753164
United Arab Emirates,ARE,GDP growth (annual %),NY.GDP.MKTP.KD.ZG,2.98421609131721,2.37355105709227,1.18985564163665,3.41153868634566,-6.13450080253007
Argentina,ARG,GDP growth (annual %),NY.GDP.MKTP.KD.ZG,-2.08032784377811,2.81850297775918,-2.61739646282038,-2.0259342366392,-9.89526896368687
Armenia,ARM,GDP growth (annual %),NY.GDP.MKTP.KD.ZG,0.199999999825991,7.50000000164144,5.19999999965324,7.59999999853918,-7.40000000000001
American Samoa,ASM,GDP growth (annual %),NY.GDP.MKTP.KD.ZG,-1.67938931297709,-6.98757763975155,2.6711185308848,-0.487804878048777,3.92156862745099
Antigua and Barbuda,ATG,GDP growth (annual %),NY.GDP.MKTP.KD.ZG,5.49645920357835,3.14432323970505,6.883640816875,4.86223616575663,-20.1923705722071
Australia,AUS,GDP growth (annual %),NY.GDP.MKTP.KD.ZG,2.74164306864724,2.29592694694063,2.87097248021668,2.11314942462376,-0.00383655856659
Austria,AUT,GDP growth (annual %),NY.GDP.MKTP.KD.ZG,1.98943716230463,2.25857243250671,2.50159511872086,1.49121084953705,-6.73451407608768
Azerbaijan,AZE,GDP growth (annual %),NY.GDP.MKTP.KD.ZG,-3.09999999999992,0.199999999999804,1.50000000000009,2.4999999999999,-4.29999999999997
Burundi,BDI,GDP growth (annual %),NY.GDP.MKTP.KD.ZG,-0.600020000546493,0.500009998779461,1.60993308234522,1.84247667669987,0.297577119233125
Belgium,BEL,GDP growth (annual %),NY.GDP.MKTP.KD.ZG,1.26668640902095,1.6195802783878,1.81920366405947,2.14955968072559,-5.65965987018394
Benin,BEN,GDP growth (annual %),NY.GDP.MKTP.KD.ZG,3.33967342629693,5.67155546944753,6.69725946087986,6.86568733550151,3.84879240030133
Burkina Faso,BFA,GDP growth (annual %),NY.GDP.MKTP.KD.ZG,5.95797670754024,6.20348941121868,6.60456906812341,5.68811514943657,1.93032488957256
Bangladesh,BGD,GDP growth (annual %),NY.GDP.MKTP.KD.ZG,7.11347821327269,7.28417442269364,7.86375358002958,8.1526841493979,3.5091358821393
Bulgaria,BGR,GDP growth (annual %),NY.GDP.MKTP.KD.ZG,3.03982527630795,2.76217095961262,2.68457613091411,4.03759208211947,-4.38714983385256
Bahrain,BHR,GDP growth (annual %),NY.GDP.MKTP.KD.ZG,3.55812811897778,4.29094977756338,2.13670134684136,2.14137678356339,-5.08518021318916
"Bahamas, The",BHS,GDP growth (annual %),NY.GDP.MKTP.KD.ZG,0.0911469243731915,1.62501197597548,2.76704081044245,0.702459096698348,-14.5144814032903
Bosnia and Herzegovina,BIH,GDP growth (annual %),NY.GDP.MKTP.KD.ZG,3.14980691561182,3.17143487487128,3.74007109201324,2.83100260259697,-3.19695013403583
Belarus,BLR,GDP growth (annual %),NY.GDP.MKTP.KD.ZG,-2.52644643552364,2.53218350023035,3.14919759374963,1.40000000000001,-0.900000000246891
Belize,BLZ,GDP growth (annual %),NY.GDP.MKTP.KD.ZG,-0.0332336324360227,1.81368203309692,2.90606973116134,1.76279791284728,-14.0105321507761
Bermuda,BMU,GDP growth (annual %),NY.GDP.MKTP.KD.ZG,-0.657206304259205,3.61141983706115,-0.432801300339307,0.45988994302148,-6.34408024589787
Bolivia,BOL,GDP growth (annual %),NY.GDP.MKTP.KD.ZG,4.26392083751466,4.1952063010676,4.22362351118875,2.21670577750376,-8.82949361965127
Brazil,BRA,GDP growth (annual %),NY.GDP.MKTP.KD.ZG,-3.2759169063211,1.32286905390815,1.78366676137003,1.41115298506995,-4.05904827267271
Barbados,BRB,GDP growth (annual %),NY.GDP.MKTP.KD.ZG,2.47869868319133,0.475110679192298,-0.580333154218167,-0.0961355529131964,-18.9795097037672
Brunei Darussalam,BRN,GDP growth (annual %),NY.GDP.MKTP.KD.ZG,-2.47791771833224,1.32860255161715,0.0522377907767719,3.86910986506845,1.13357335070793
Bhutan,BTN,GDP growth (annual %),NY.GDP.MKTP.KD.ZG,8.1270335383894,4.65183467529606,3.05512983672538,5.75516999517272,-10.0763411241337
Botswana,BWA,GDP growth (annual %),NY.GDP.MKTP.KD.ZG,7.03689695063241,4.003449739749,3.98039539042554,2.99273763533627,-8.49289351078259
Central African Republic,CAF,GDP growth (annual %),NY.GDP.MKTP.KD.ZG,4.75031684122342,4.52727821346231,3.78944359275462,3.0,0.829010003307488
Canada,CAN,GDP growth (annual %),NY.GDP.MKTP.KD.ZG,1.00139441390405,3.03988022528195,2.77704055379553,1.87959202770178,-5.23302430280606
Central Europe and the Baltics,CEB,GDP growth (annual %),NY.GDP.MKTP.KD.ZG,3.07034125940633,4.87858329397797,4.49118634919611,4.07215885667694,-3.81394003319146
Switzerland,CHE,GDP growth (annual %),NY.GDP.MKTP.KD.ZG,2.04518646926613,1.58481961645738,2.91690509826611,1.21099220711962,-2.39282604159746
Channel Islands,CHI,GDP growth (annual %),NY.GDP.MKTP.KD.ZG,,,,,
Chile,CHL,GDP growth (annual %),NY.GDP.MKTP.KD.ZG,1.71108928867041,1.18454470657974,3.71385917709956,0.942005306544473,-5.77150166878876
China,CHN,GDP growth (annual %),NY.GDP.MKTP.KD.ZG,6.84876220503246,6.94720079327288,6.74977383247717,5.94971423273162,2.3475135727457
Cote d'Ivoire,CIV,GDP growth (annual %),NY.GDP.MKTP.KD.ZG,7.17920782392478,7.35963808821695,6.89028431967284,6.23170951305083,1.95833247878154
Cameroon,CMR,GDP growth (annual %),NY.GDP.MKTP.KD.ZG,4.53579423569734,3.54117654926007,3.9555142403664,3.47505997865608,0.491914742161129
"Congo, Dem. Rep.",COD,GDP growth (annual %),NY.GDP.MKTP.KD.ZG,2.39939891413687,3.72694765333267,5.82112109989339,4.38452888103882,1.7354227636007
"Congo, Rep.",COG,GDP growth (annual %),NY.GDP.MKTP.KD.ZG,-10.7832382686521,-4.38253094681009,-4.80535155732963,-0.0868859566422202,-7.94444567858203
Colombia,COL,GDP growth (annual %),NY.GDP.MKTP.KD.ZG,2.08738250162794,1.35936086788746,2.56432428277704,3.28111680452643,-6.79575810693639
Comoros,COM,GDP growth (annual %),NY.GDP.MKTP.KD.ZG,3.3206800249451,3.81570211280726,3.64252501914828,1.75532827980625,-0.128835487587722
Cabo Verde,CPV,GDP growth (annual %),NY.GDP.MKTP.KD.ZG,4.70579150927118,3.70203918776542,4.53116168434889,5.66775246034304,-14.7834050101145
Costa Rica,CRI,GDP growth (annual %),NY.GDP.MKTP.KD.ZG,4.20432325178332,4.15769896287743,2.61590440443709,2.25631507916432,-4.06367653504677
Caribbean small states,CSS,GDP growth (annual %),NY.GDP.MKTP.KD.ZG,-1.14202902796097,0.0893773436898329,1.87218688426549,0.616387706486776,-8.1613049889538
Cuba,CUB,GDP growth (annual %),NY.GDP.MKTP.KD.ZG,0.513761467889907,1.80905439941586,2.24848039303581,-0.164839982463832,-10.9483409741617
Curacao,CUW,GDP growth (annual %),NY.GDP.MKTP.KD.ZG,-0.986569701304816,-1.73976542028957,-2.16613107776222,-3.39999992661213,-18.4
Cayman Islands,CYM,GDP growth (annual %),NY.GDP.MKTP.KD.ZG,3.23997688772937,3.18404337595337,4.19434090986198,3.81710040387819,-6.73028742811069
Cyprus,CYP,GDP growth (annual %),NY.GDP.MKTP.KD.ZG,6.45455446625895,5.85254035493243,5.69284172448825,5.28318739627791,-5.2289880999943
Czech Republic,CZE,GDP growth (annual %),NY.GDP.MKTP.KD.ZG,2.5372845203138,5.16872430413071,3.19865610131447,3.02947825716996,-5.79781387689806
Germany,DEU,GDP growth (annual %),NY.GDP.MKTP.KD.ZG,2.22999986782015,2.68023111405891,1.08602451412267,1.05550824713283,-4.56961671737398
Djibouti,DJI,GDP growth (annual %),NY.GDP.MKTP.KD.ZG,6.65265037178067,5.40309984307834,8.40766266610518,7.77049725726383,0.499999999999986
Dominica,DMA,GDP growth (annual %),NY.GDP.MKTP.KD.ZG,2.55649491313986,-6.79942797028076,2.21430524078696,7.57139159692866,-16.6049115377829
Denmark,DNK,GDP growth (annual %),NY.GDP.MKTP.KD.ZG,3.24595698524399,2.82173634129026,1.98953731496432,2.11466420842453,-2.06212495876164
Dominican Republic,DOM,GDP growth (annual %),NY.GDP.MKTP.KD.ZG,6.65920026269582,4.66670467732366,6.98252758458058,5.05216802016253,-6.72023937283404
Algeria,DZA,GDP growth (annual %),NY.GDP.MKTP.KD.ZG,3.19999999999973,1.29999999999994,1.09999999999995,0.999999999999915,-5.09999999999982
East Asia & Pacific (excluding high income),EAP,GDP growth (annual %),NY.GDP.MKTP.KD.ZG,6.57877649393856,6.70244130579927,6.51550632848752,5.77574914947532,1.37857512990213
Early-demographic dividend,EAR,GDP growth (annual %),NY.GDP.MKTP.KD.ZG,4.67794916350756,4.56016306137761,3.66916267706256,2.29739483973366,-4.50556099273764
East Asia & Pacific,EAS,GDP growth (annual %),NY.GDP.MKTP.KD.ZG,4.65861690439917,5.04825506555564,4.73026527339759,4.06404875788031,-0.133318686536555
Europe & Central Asia (excluding high income),ECA,GDP growth (annual %),NY.GDP.MKTP.KD.ZG,1.75544557291076,4.12784422187281,3.2279806247107,2.31442880725514,-1.54396002239542
Europe & Central Asia,ECS,GDP growth (annual %),NY.GDP.MKTP.KD.ZG,1.96985721401302,2.81859399224085,2.17278160128733,1.80388818810944,-5.58039775365077
Ecuador,ECU,GDP growth (annual %),NY.GDP.MKTP.KD.ZG,-1.22638398463879,2.36838652633651,1.28929193290502,0.0121051028476558,-7.75012337710913
"Egypt, Arab Rep.",EGY,GDP growth (annual %),NY.GDP.MKTP.KD.ZG,4.34664345337812,4.18122100091018,5.31412103746398,5.55768388791593,3.5696694750486
Euro area,EMU,GDP growth (annual %),NY.GDP.MKTP.KD.ZG,1.86454338873901,2.6137045089319,1.83262659092294,1.56492999198312,-6.39422105325941
Eritrea,ERI,GDP growth (annual %),NY.GDP.MKTP.KD.ZG,,,,,
Spain,ESP,GDP growth (annual %),NY.GDP.MKTP.KD.ZG,3.03130132981933,2.97364119053731,2.28878567617447,2.08519142117105,-10.8228864939664
Estonia,EST,GDP growth (annual %),NY.GDP.MKTP.KD.ZG,3.15556481438308,5.79204467466494,4.13381979831833,4.09634264397782,-2.95106931268964
Ethiopia,ETH,GDP growth (annual %),NY.GDP.MKTP.KD.ZG,9.43348265784402,9.56418964295607,6.81614779681703,8.3640856990789,6.05661779202561
European Union,EUU,GDP growth (annual %),NY.GDP.MKTP.KD.ZG,2.00831914309254,2.8136677326073,2.06558235915733,1.81694071519006,-5.95562768447503
Fragile and conflict affected situations,FCS,GDP growth (annual %),NY.GDP.MKTP.KD.ZG,2.18604598896476,1.91863179362595,2.74408837044999,3.05448325063698,-4.73779618125812
Finland,FIN,GDP growth (annual %),NY.GDP.MKTP.KD.ZG,2.81145776663433,3.19240962968416,1.14194750876192,1.22075414302529,-2.80013589086919
Fiji,FJI,GDP growth (annual %),NY.GDP.MKTP.KD.ZG,2.44565200769968,5.35336493706966,3.81235097047221,-0.445563043622684,-15.7118039805906
France,FRA,GDP growth (annual %),NY.GDP.MKTP.KD.ZG,1.09546440372048,2.29141999417021,1.86506607081999,1.84297181445896,-7.85525603703762
Faroe Islands,FRO,GDP growth (annual %),NY.GDP.MKTP.KD.ZG,,,,,
"Micronesia, Fed. Sts.",FSM,GDP growth (annual %),NY.GDP.MKTP.KD.ZG,0.900180416516932,2.68218594445551,0.211653600126766,1.17479922829746,-1.76541515225117
Gabon,GAB,GDP growth (annual %),NY.GDP.MKTP.KD.ZG,2.09144220829562,0.472642030911146,0.83791658082157,3.92080879452831,-1.83776092953785
United Kingdom,GBR,GDP growth (annual %),NY.GDP.MKTP.KD.ZG,2.26346353784494,2.13445309331686,1.65092549602133,1.67194419724758,-9.39616000598907
Georgia,GEO,GDP growth (annual %),NY.GDP.MKTP.KD.ZG,2.90643878002064,4.84260322496586,4.84291988506627,4.98235047511106,-6.76043981705519
Ghana,GHA,GDP growth (annual %),NY.GDP.MKTP.KD.ZG,3.37346574966936,8.12889488100956,6.20007768127284,6.5077747939152,0.414443457624131
Gibraltar,GIB,GDP growth (annual %),NY.GDP.MKTP.KD.ZG,,,,,
Guinea,GIN,GDP growth (annual %),NY.GDP.MKTP.KD.ZG,10.8206214375736,10.3000004937957,6.35849192736175,5.64617556842045,6.98855997080146
"Gambia, The",GMB,GDP growth (annual %),NY.GDP.MKTP.KD.ZG,1.94335965478776,4.8226112492757,7.23489033258579,6.15363194960554,-0.215576043106495
Guinea-Bissau,GNB,GDP growth (annual %),NY.GDP.MKTP.KD.ZG,6.26280563780463,5.91917662586047,1.28373670309465,4.49999999151316,-2.39999999921721
Equatorial Guinea,GNQ,GDP growth (annual %),NY.GDP.MKTP.KD.ZG,-8.81641723219757,-5.66750295706352,-6.23655098228059,-5.97893690507988,-4.89335647440198
Greece,GRC,GDP growth (annual %),NY.GDP.MKTP.KD.ZG,-0.487173294301954,1.09214912017283,1.66842863602514,1.80359525615141,-9.01912908499726
Grenada,GRD,GDP growth (annual %),NY.GDP.MKTP.KD.ZG,3.73965138773251,4.43867566948151,4.29940539240303,0.735582700454373,-13.7077306813298
Greenland,GRL,GDP growth (annual %),NY.GDP.MKTP.KD.ZG,4.68195410972302,0.0527281828800312,1.84584800939267,1.67877330992789,
Guatemala,GTM,GDP growth (annual %),NY.GDP.MKTP.KD.ZG,2.67780255532826,3.07985149125689,3.32209799734959,3.866856574905,-1.51932802919289
Guam,GUM,GDP growth (annual %),NY.GDP.MKTP.KD.ZG,0.18198362147406,0.890099909173486,-0.720201656463814,2.53899165759883,-11.8500176865936
Guyana,GUY,GDP growth (annual %),NY.GDP.MKTP.KD.ZG,3.8079188370272,3.73437406053053,4.44101358934772,5.35262742597216,43.4795559399402
High income,HIC,GDP growth (annual %),NY.GDP.MKTP.KD.ZG,1.82709096031356,2.37783743515448,2.35187737846971,1.763695620993,-4.48760466165653
"Hong Kong SAR, China",HKG,GDP growth (annual %),NY.GDP.MKTP.KD.ZG,2.16949438778281,3.79100598597371,2.84644793882873,-1.6797561695559,-6.08146778412127
Honduras,HND,GDP growth (annual %),NY.GDP.MKTP.KD.ZG,3.89297219726413,4.84291391050387,3.84499476966735,2.65306625480355,-8.96476018404584
Heavily indebted poor countries (HIPC),HPC,GDP growth (annual %),NY.GDP.MKTP.KD.ZG,4.42345176744597,5.00421850187172,4.34509151197024,4.41894762256578,0.381128607680509
Croatia,HRV,GDP growth (annual %),NY.GDP.MKTP.KD.ZG,3.53243223207443,3.41409225965485,2.90000959900429,3.48194560339674,-8.09976125177539
Haiti,HTI,GDP growth (annual %),NY.GDP.MKTP.KD.ZG,1.81246807847532,2.51027134544685,1.66781095484656,-1.68459508133022,-3.34337261175989
Hungary,HUN,GDP growth (annual %),NY.GDP.MKTP.KD.ZG,2.19196036930391,4.26855741926617,5.35949648949985,4.55406307213036,-4.67568699324362
IBRD only,IBD,GDP growth (annual %),NY.GDP.MKTP.KD.ZG,4.66947383030521,5.2062041012543,4.85066805456715,3.97938040304091,-1.50103699516396
IDA & IBRD total,IBT,GDP growth (annual %),NY.GDP.MKTP.KD.ZG,4.55769893133866,5.12409417979475,4.82294987214979,3.97962213172971,-1.40239984775179
IDA total,IDA,GDP growth (annual %),NY.GDP.MKTP.KD.ZG,3.14327900938463,4.06968586363685,4.46312179992792,3.98277181360585,-0.110195190133211
IDA blend,IDB,GDP growth (annual %),NY.GDP.MKTP.KD.ZG,1.6854860174318,2.8540732483302,3.63763771760865,2.33867122136657,-1.32075992825219
Indonesia,IDN,GDP growth (annual %),NY.GDP.MKTP.KD.ZG,5.03306918280177,5.06978590134916,5.17429153955024,5.01815971508286,-2.06954349906437
IDA only,IDX,GDP growth (annual %),NY.GDP.MKTP.KD.ZG,4.61032212308882,5.2588085007698,5.25216938934267,5.5301958166244,1.00954486354547
Isle of Man,IMN,GDP growth (annual %),NY.GDP.MKTP.KD.ZG,6.95231147466393,4.68881118740123,2.21340399216221,0.254861320470297,
India,IND,GDP growth (annual %),NY.GDP.MKTP.KD.ZG,8.25630550179086,6.79538341897911,6.53298901139763,4.0415541865323,-7.25175478178826
Not classified,INX,GDP growth (annual %),NY.GDP.MKTP.KD.ZG,,,,,
Ireland,IRL,GDP growth (annual %),NY.GDP.MKTP.KD.ZG,2.04223252701499,8.940012771816,9.03016110018034,4.91700697830244,5.86697550911293
"Iran, Islamic Rep.",IRN,GDP growth (annual %),NY.GDP.MKTP.KD.ZG,13.3962426157509,3.75519645191902,-6.02597180315718,-6.78422367041092,3.38826166523735
Iraq,IRQ,GDP growth (annual %),NY.GDP.MKTP.KD.ZG,13.7873730187089,-1.81975035118309,2.63385099105624,5.95732750325479,-15.6730927866074
Iceland,ISL,GDP growth (annual %),NY.GDP.MKTP.KD.ZG,6.30368710650176,4.19494882908376,4.89218073132504,2.43482300037417,-6.50391225040894
Israel,ISR,GDP growth (annual %),NY.GDP.MKTP.KD.ZG,4.46275381784649,4.37704442820299,3.98342459356549,3.77358980957163,-2.15342848939964
Italy,ITA,GDP growth (annual %),NY.GDP.MKTP.KD.ZG,1.29346273155907,1.66785904106857,0.925810941012742,0.410278293983012,-8.93859250023444
Jamaica,JAM,GDP growth (annual %),NY.GDP.MKTP.KD.ZG,1.37522306445538,0.997123062335191,1.88992368121086,0.892291653822227,-10.0
Jordan,JOR,GDP growth (annual %),NY.GDP.MKTP.KD.ZG,1.9941808493012,2.08711455126291,1.93409170141707,1.95546635784412,-1.55138446553204
Japan,JPN,GDP growth (annual %),NY.GDP.MKTP.KD.ZG,0.753826745903538,1.67533175166503,0.558851275379695,0.270304645083556,-4.58550828070608
Kazakhstan,KAZ,GDP growth (annual %),NY.GDP.MKTP.KD.ZG,1.09999999990164,4.10000000033854,4.09999999987123,4.50000000008481,-2.5
Kenya,KEN,GDP growth (annual %),NY.GDP.MKTP.KD.ZG,4.21351706814744,3.81550642712519,5.62910144021626,4.98113262830462,-0.316182728955951
Kyrgyz Republic,KGZ,GDP growth (annual %),NY.GDP.MKTP.KD.ZG,4.33585591715968,4.73993722539466,3.75791012480484,4.60062566646762,-8.61655103130452
Cambodia,KHM,GDP growth (annual %),NY.GDP.MKTP.KD.ZG,6.93331397294972,6.99690369938479,7.469169206999,7.05410693233065,-3.1475890983283
Kiribati,KIR,GDP growth (annual %),NY.GDP.MKTP.KD.ZG,5.13771924490207,0.889757537282748,3.77595428627548,3.92644543807539,-1.94755664673815
St. Kitts and Nevis,KNA,GDP growth (annual %),NY.GDP.MKTP.KD.ZG,13.394861311528,0.899999116287702,2.6999994657438,4.79999952242969,-14.3999965497237
"Korea, Rep.",KOR,GDP growth (annual %),NY.GDP.MKTP.KD.ZG,2.94688171508626,3.15963574012777,2.90740377377135,2.24397786011012,-0.852031428863825
Kuwait,KWT,GDP growth (annual %),NY.GDP.MKTP.KD.ZG,2.92586822591576,-4.71210620851997,1.24612940824558,0.427463940207701,-8.6852616529353
Latin America & Caribbean (excluding high income),LAC,GDP growth (annual %),NY.GDP.MKTP.KD.ZG,-0.232559819354307,2.0531699509815,1.65484388954332,0.787154649957955,-6.78442876037036
Lao PDR,LAO,GDP growth (annual %),NY.GDP.MKTP.KD.ZG,7.02283625501138,6.8925308726989,6.24796000755872,5.4577350924848,0.503031829708618
Lebanon,LBN,GDP growth (annual %),NY.GDP.MKTP.KD.ZG,1.58205455056178,0.782014000829008,-1.70217480748664,-7.15724706998392,-21.4642662752687
Liberia,LBR,GDP growth (annual %),NY.GDP.MKTP.KD.ZG,-1.5549586174878,2.45515592012239,1.15757512207355,-2.46729763532686,-2.98291628083938
Libya,LBY,GDP growth (annual %),NY.GDP.MKTP.KD.ZG,-2.79546888990187,26.6809026327981,15.1327998906632,2.53595347758677,-31.3000000487945
St. Lucia,LCA,GDP growth (annual %),NY.GDP.MKTP.KD.ZG,3.6463151711385,3.50175264647056,2.92642088454855,-0.063943687373154,-20.3736417898159
Latin America & Caribbean,LCN,GDP growth (annual %),NY.GDP.MKTP.KD.ZG,-0.152699274074905,1.87589603981802,1.62537578829043,0.797500501372667,-6.72242728622075
Least developed countries: UN classification,LDC,GDP growth (annual %),NY.GDP.MKTP.KD.ZG,3.83008549750549,4.47427809028716,4.51557295622827,5.02268149349423,0.685682026292397
Low income,LIC,GDP growth (annual %),NY.GDP.MKTP.KD.ZG,2.21923017617667,3.13278738522094,3.543556322192,4.41636091234405,0.621414105832002
Liechtenstein,LIE,GDP growth (annual %),NY.GDP.MKTP.KD.ZG,,,,,
Sri Lanka,LKA,GDP growth (annual %),NY.GDP.MKTP.KD.ZG,4.48663453096836,3.5781696792194,3.27200047854103,2.25517652855038,-3.5690761372374
Lower middle income,LMC,GDP growth (annual %),NY.GDP.MKTP.KD.ZG,5.93679851650519,5.17946090929165,4.61089363476303,3.5642905788968,-3.41583213319029
Low & middle income,LMY,GDP growth (annual %),NY.GDP.MKTP.KD.ZG,4.61461561014515,5.16862880214907,4.82886103523366,3.98948125928189,-1.35216094854496
Lesotho,LSO,GDP growth (annual %),NY.GDP.MKTP.KD.ZG,3.58836459667835,-3.14194994562207,-1.22313731083291,-0.381431981522567,-9.61403701940095
Late-demographic dividend,LTE,GDP growth (annual %),NY.GDP.MKTP.KD.ZG,4.44420488775317,5.29568562113647,5.39409653540784,4.7091346395199,0.142014397854837
Lithuania,LTU,GDP growth (annual %),NY.GDP.MKTP.KD.ZG,2.51882827307178,4.28259695120761,3.99331032795327,4.57377173669815,-0.132431460828812
Luxembourg,LUX,GDP growth (annual %),NY.GDP.MKTP.KD.ZG,4.97819043681629,1.31718766293677,2.00437711983041,3.28380675586517,-1.7762402290181
Latvia,LVA,GDP growth (annual %),NY.GDP.MKTP.KD.ZG,2.36760954261752,3.31308888984125,3.9894803874928,2.48432635462976,-3.61856599172043
"Macao SAR, China",MAC,GDP growth (annual %),NY.GDP.MKTP.KD.ZG,-0.67894260033998,9.98319224383543,6.464613520943,-2.51198004420034,-54.011402150248
St. Martin (French part),MAF,GDP growth (annual %),NY.GDP.MKTP.KD.ZG,,,,,
Morocco,MAR,GDP growth (annual %),NY.GDP.MKTP.KD.ZG,1.05985639008179,4.25460327324099,3.148502655914,2.60793549462446,-6.29325315954672
Monaco,MCO,GDP growth (annual %),NY.GDP.MKTP.KD.ZG,3.45155104747225,-3.50096142186499,5.95627041970343,6.90566549200324,-11.7527733755943
Moldova,MDA,GDP growth (annual %),NY.GDP.MKTP.KD.ZG,4.40888672378215,4.69079339018722,4.30147774180656,3.68340426071718,-6.96904715700302
Madagascar,MDG,GDP growth (annual %),NY.GDP.MKTP.KD.ZG,3.99314606412389,3.93330759454741,3.19435651491895,4.41123213007131,-7.14061159103504
Maldives,MDV,GDP growth (annual %),NY.GDP.MKTP.KD.ZG,6.33830063626779,7.20991012345149,8.12312890817314,6.88368884556108,-33.499902099428
Middle East & North Africa,MEA,GDP growth (annual %),NY.GDP.MKTP.KD.ZG,4.58401241338488,1.65919844585569,1.47567706904941,1.16101939004506,-3.98774252432908
Mexico,MEX,GDP growth (annual %),NY.GDP.MKTP.KD.ZG,2.63053242455089,2.11312913549695,2.19499472522698,-0.176599456271802,-8.30903465889521
Marshall Islands,MHL,GDP growth (annual %),NY.GDP.MKTP.KD.ZG,1.3132581227826,3.25055480880046,3.57475098191667,6.64466373729447,-2.20760540236407
Middle income,MIC,GDP growth (annual %),NY.GDP.MKTP.KD.ZG,4.65100991935941,5.19884161800871,4.84756092973649,3.98334783149134,-1.37966130484432
North Macedonia,MKD,GDP growth (annual %),NY.GDP.MKTP.KD.ZG,2.84820519363306,1.08177273813243,2.88059670964267,3.91041953840173,-5.20844405705904
Mali,MLI,GDP growth (annual %),NY.GDP.MKTP.KD.ZG,5.85229919941415,5.30545608438166,4.74648432724561,4.75616080770808,-1.235450447077
Malta,MLT,GDP growth (annual %),NY.GDP.MKTP.KD.ZG,4.09091742885326,8.11942528928094,5.17922479608157,5.53956633683224,-7.00112961514149
Myanmar,MMR,GDP growth (annual %),NY.GDP.MKTP.KD.ZG,10.5077807807102,5.75006450029507,6.404977325147,6.7504601462238,3.17377440041078
Middle East & North Africa (excluding high income),MNA,GDP growth (annual %),NY.GDP.MKTP.KD.ZG,6.71422054872393,2.81672059902934,0.599138759396638,0.556792432092962,-3.4879147659418
Montenegro,MNE,GDP growth (annual %),NY.GDP.MKTP.KD.ZG,2.94928032097511,4.71646527572034,5.0778888113381,4.06294499167197,-15.3068937570407
Mongolia,MNG,GDP growth (annual %),NY.GDP.MKTP.KD.ZG,1.48978448504865,5.63687638962695,7.7448806201857,5.60224421870959,-4.55775197337685
Northern Mariana Islands,MNP,GDP growth (annual %),NY.GDP.MKTP.KD.ZG,29.2121212121212,23.1707317073171,-19.3450114242194,-11.1425873465534,
Mozambique,MOZ,GDP growth (annual %),NY.GDP.MKTP.KD.ZG,3.82421431921188,3.74131759312564,3.44381383971462,2.31460601020051,-1.23390571070034
Mauritania,MRT,GDP growth (annual %),NY.GDP.MKTP.KD.ZG,1.26090922448303,6.27054569386574,4.52674622501065,5.75993058973705,-1.76332179417277
Mauritius,MUS,GDP growth (annual %),NY.GDP.MKTP.KD.ZG,3.83793265409193,3.81415210844426,3.75967722730337,3.01237590269628,-14.8946875651821
Malawi,MWI,GDP growth (annual %),NY.GDP.MKTP.KD.ZG,2.48404062523817,4.00003051707549,4.39168829609886,5.44818133617287,0.799998330902724
Malaysia,MYS,GDP growth (annual %),NY.GDP.MKTP.KD.ZG,4.44978139761541,5.81272240983328,4.84305660969693,4.43947128759625,-5.64694483644712
North America,NAC,GDP growth (annual %),NY.GDP.MKTP.KD.ZG,1.6548181412017,2.38833208138247,2.97807850490454,2.13854121090904,-3.54858660544932
Namibia,NAM,GDP growth (annual %),NY.GDP.MKTP.KD.ZG,0.0337944502063294,-1.02725082701774,1.05994347072928,-0.888099159557285,-8.50014903765293
New Caledonia,NCL,GDP growth (annual %),NY.GDP.MKTP.KD.ZG,,,,,
Niger,NER,GDP growth (annual %),NY.GDP.MKTP.KD.ZG,5.74089315058157,5.00135994506591,7.21080300824623,5.94139686297071,3.58000640281861
Nigeria,NGA,GDP growth (annual %),NY.GDP.MKTP.KD.ZG,-1.61686894991816,0.805886619542704,1.92275734157302,2.2084292771582,-1.79425308233591
Nicaragua,NIC,GDP growth (annual %),NY.GDP.MKTP.KD.ZG,4.56295442923394,4.63253398090997,-3.36368764606334,-3.67479457842713,-1.97732939329578
Netherlands,NLD,GDP growth (annual %),NY.GDP.MKTP.KD.ZG,2.19171371926123,2.91090251315005,2.36091509478513,1.95558841574046,-3.79863599268334
Norway,NOR,GDP growth (annual %),NY.GDP.MKTP.KD.ZG,1.07155897720727,2.32329020838249,1.11882847945122,0.745798219243483,-0.717182669244792
Nepal,NPL,GDP growth (annual %),NY.GDP.MKTP.KD.ZG,0.433113719381524,8.97727935643466,7.62237610539864,6.65705542802834,-2.08837869543885
Nauru,NRU,GDP growth (annual %),NY.GDP.MKTP.KD.ZG,3.57142857142858,-5.74712643678161,6.09756097560977,0.0,1.14942528735634
New Zealand,NZL,GDP growth (annual %),NY.GDP.MKTP.KD.ZG,3.73007989347536,3.61328155307372,3.20574787992723,1.63393261347822,1.86285153314982
OECD members,OED,GDP growth (annual %),NY.GDP.MKTP.KD.ZG,1.85169792706567,2.50892810049228,2.37300970674836,1.74139062747571,-4.46914256276541
Oman,OMN,GDP growth (annual %),NY.GDP.MKTP.KD.ZG,5.04642394571691,0.304057565922449,1.28710391543288,-1.12920645748066,-3.2009359899042
Other small states,OSS,GDP growth (annual %),NY.GDP.MKTP.KD.ZG,2.98501611199116,1.23785863289329,2.2091135894421,2.09689808924355,-5.10758029449292
Pakistan,PAK,GDP growth (annual %),NY.GDP.MKTP.KD.ZG,5.52673584474448,5.55427743729406,5.83641749754401,1.14474960525021,-0.935389532589809
Panama,PAN,GDP growth (annual %),NY.GDP.MKTP.KD.ZG,4.95343493687773,5.59132827378306,3.68534434861736,2.97971546082071,-17.9448639999999
Peru,PER,GDP growth (annual %),NY.GDP.MKTP.KD.ZG,3.95331871520767,2.51883544233135,3.96915687018075,2.2039747486556,-11.1488118768393
Philippines,PHL,GDP growth (annual %),NY.GDP.MKTP.KD.ZG,7.1494567495987,6.93098832586378,6.34148557148761,6.11852566256255,-9.57302987461006
Palau,PLW,GDP growth (annual %),NY.GDP.MKTP.KD.ZG,-0.0833637300741401,-3.28378845489111,-0.107219442458899,-1.89624329159213,-9.73741794310722
Papua New Guinea,PNG,GDP growth (annual %),NY.GDP.MKTP.KD.ZG,5.48957315278187,3.53461081750459,-0.279252284959952,4.48043060824274,-3.50000000000009
Poland,POL,GDP growth (annual %),NY.GDP.MKTP.KD.ZG,3.14172577829697,4.8306560054433,5.35370335471698,4.74495015589534,-2.5406586820496
Pre-demographic dividend,PRE,GDP growth (annual %),NY.GDP.MKTP.KD.ZG,2.29966720331558,1.56630767410422,2.53216967741388,3.2937999314308,-3.07114847702088
Puerto Rico,PRI,GDP growth (annual %),NY.GDP.MKTP.KD.ZG,-1.26300292505279,-2.88595475858821,-4.14747474747475,1.48481463527726,-3.90330519298465
"Korea, Dem. People's Rep.",PRK,GDP growth (annual %),NY.GDP.MKTP.KD.ZG,,,,,
Portugal,PRT,GDP growth (annual %),NY.GDP.MKTP.KD.ZG,2.01948539561312,3.5063452848124,2.84932593436179,2.68275992118076,-8.44245642824731
Paraguay,PRY,GDP growth (annual %),NY.GDP.MKTP.KD.ZG,4.26802583314583,4.81007885554041,3.20425034076639,-0.40185510068001,-0.565695446951935
West Bank and Gaza,PSE,GDP growth (annual %),NY.GDP.MKTP.KD.ZG,8.86461881995935,1.41936756294787,1.22707737782703,1.36268746558062,-11.4574515130457
Pacific island small states,PSS,GDP growth (annual %),NY.GDP.MKTP.KD.ZG,3.72949132885903,4.34811054699577,2.9175472764865,0.91132611409644,-9.89531172078411
Post-demographic dividend,PST,GDP growth (annual %),NY.GDP.MKTP.KD.ZG,1.77085281494355,2.38147451769881,2.28049161241219,1.70022409954642,-4.67961924265012
French Polynesia,PYF,GDP growth (annual %),NY.GDP.MKTP.KD.ZG,2.30219823670438,4.29263363103487,3.26774108990988,2.97002491067693,-7.59987555401415
Qatar,QAT,GDP growth (annual %),NY.GDP.MKTP.KD.ZG,3.06419188430156,-1.49760470227838,1.23487220191065,0.688240959581606,-3.55760399909461
Romania,ROU,GDP growth (annual %),NY.GDP.MKTP.KD.ZG,4.70299774749441,7.31944852925453,4.47452377497343,4.18826034117856,-3.93045405715536
Russian Federation,RUS,GDP growth (annual %),NY.GDP.MKTP.KD.ZG,0.193690071729534,1.82579006355112,2.80724541049418,2.03298273919678,-2.95127389914892
Rwanda,RWA,GDP growth (annual %),NY.GDP.MKTP.KD.ZG,5.97074429808526,3.97628969448469,8.57942454050658,9.46068248236998,-3.35547212198846
South Asia,SAS,GDP growth (annual %),NY.GDP.MKTP.KD.ZG,7.67146359574184,6.6048510419313,6.44430592137985,4.04155959933803,-5.70618964938109
Saudi Arabia,SAU,GDP growth (annual %),NY.GDP.MKTP.KD.ZG,1.67062475765871,-0.74150265286427,2.43411078064224,0.331435728597114,-4.10658341325225
Sudan,SDN,GDP growth (annual %),NY.GDP.MKTP.KD.ZG,3.46764218409288,0.70925628476644,-2.6809305497999,-2.17825104530091,-3.62980562615675
Senegal,SEN,GDP growth (annual %),NY.GDP.MKTP.KD.ZG,6.35606857181878,7.4074861863013,6.20924103389086,4.40240683638351,1.49976342727345
Singapore,SGP,GDP growth (annual %),NY.GDP.MKTP.KD.ZG,3.32903445814925,4.52037947555507,3.49746960110137,1.34521748573569,-5.39102140610559
Solomon Islands,SLB,GDP growth (annual %),NY.GDP.MKTP.KD.ZG,5.87986463620982,5.34358769476628,3.94424954963497,1.20404998631763,-4.31726002703921
Sierra Leone,SLE,GDP growth (annual %),NY.GDP.MKTP.KD.ZG,6.05547402877262,4.19261007429208,3.46460213996657,5.25424120251536,-1.96894782045837
El Salvador,SLV,GDP growth (annual %),NY.GDP.MKTP.KD.ZG,2.54592608601685,2.2466700387793,2.43228758708827,2.38258139815673,-8.5813121584968
San Marino,SMR,GDP growth (annual %),NY.GDP.MKTP.KD.ZG,2.34440586055425,0.258265466328055,1.54476112853661,2.37470156492515,
Somalia,SOM,GDP growth (annual %),NY.GDP.MKTP.KD.ZG,8.39934578091814,2.59256022341189,7.67887980204993,8.08144002189277,2.44021097265804
Serbia,SRB,GDP growth (annual %),NY.GDP.MKTP.KD.ZG,3.33858676542988,2.10116384741241,4.4951212927627,4.33173490608283,-0.94459651550703
Sub-Saharan Africa (excluding high income),SSA,GDP growth (annual %),NY.GDP.MKTP.KD.ZG,1.16030423201126,2.4398829061693,2.68948845237517,2.5781412075649,-2.00471206839836
South Sudan,SSD,GDP growth (annual %),NY.GDP.MKTP.KD.ZG,,,,,
Sub-Saharan Africa,SSF,GDP growth (annual %),NY.GDP.MKTP.KD.ZG,1.16309282605587,2.44183008114076,2.6886930625744,2.57695047521969,-2.01213540654433
Small states,SST,GDP growth (annual %),NY.GDP.MKTP.KD.ZG,2.33141322632304,1.12103683401423,2.17171219819012,1.84336197423987,-5.67491506159676
Sao Tome and Principe,STP,GDP growth (annual %),NY.GDP.MKTP.KD.ZG,4.16476897372846,3.84898091798067,2.94526890871829,2.21085583286091,3.08972555522433
Suriname,SUR,GDP growth (annual %),NY.GDP.MKTP.KD.ZG,-4.91578646874108,1.56719106520956,4.94827076559268,1.09846777827852,-15.9079511896139
Slovak Republic,SVK,GDP growth (annual %),NY.GDP.MKTP.KD.ZG,1.93168080366164,2.98018707320405,3.79441055314645,2.60536932770232,-4.35875380792719
Slovenia,SVN,GDP growth (annual %),NY.GDP.MKTP.KD.ZG,3.19185251782498,4.81538063231366,4.4225215682918,3.25053133558204,-4.22926138908075
Sweden,SWE,GDP growth (annual %),NY.GDP.MKTP.KD.ZG,2.07059315052096,2.56792452526476,1.95002284569983,1.98619587380391,-2.94812787928382
Eswatini,SWZ,GDP growth (annual %),NY.GDP.MKTP.KD.ZG,1.06261019342853,2.0265781557498,2.37161052114132,2.61303529001997,-1.85052471016712
Sint Maarten (Dutch part),SXM,GDP growth (annual %),NY.GDP.MKTP.KD.ZG,0.499999999999986,-5.80000000000001,-6.59999999999987,,
Seychelles,SYC,GDP growth (annual %),NY.GDP.MKTP.KD.ZG,4.56262327793877,4.73836088608091,1.77118346744531,1.1910057381789,-10.7709214792022
Syrian Arab Republic,SYR,GDP growth (annual %),NY.GDP.MKTP.KD.ZG,-5.63043804992256,-0.727486723592449,1.47576647550751,3.74777538743783,
Turks and Caicos Islands,TCA,GDP growth (annual %),NY.GDP.MKTP.KD.ZG,7.25118627570257,-2.490222604148,5.61095461704357,5.32455729668722,-26.7828754013661
Chad,TCD,GDP growth (annual %),NY.GDP.MKTP.KD.ZG,-6.25552708545281,-2.98869598553931,2.37403780037786,3.24718191743429,-0.947304885424217
East Asia & Pacific (IDA & IBRD countries),TEA,GDP growth (annual %),NY.GDP.MKTP.KD.ZG,6.57903501430917,6.70280521513745,6.51554185271401,5.77583399723258,1.37830611448555
Europe & Central Asia (IDA & IBRD countries),TEC,GDP growth (annual %),NY.GDP.MKTP.KD.ZG,1.96264117318951,4.21147557379031,3.50836061724958,2.66222000159384,-1.77685331143942
Togo,TGO,GDP growth (annual %),NY.GDP.MKTP.KD.ZG,5.55907930535146,4.34774823822544,4.97621309973984,5.45992144835783,1.75282496719069
Thailand,THA,GDP growth (annual %),NY.GDP.MKTP.KD.ZG,3.43515771692182,4.1776810321001,4.18958549566707,2.26643367175595,-6.09898384267129
Tajikistan,TJK,GDP growth (annual %),NY.GDP.MKTP.KD.ZG,6.89999961998744,7.100001403137,7.59999938722835,7.39999963813631,4.49999951669761
Turkmenistan,TKM,GDP growth (annual %),NY.GDP.MKTP.KD.ZG,6.1999999664301,6.50000004682975,6.19999994137119,6.3,
Latin America & the Caribbean (IDA & IBRD countries),TLA,GDP growth (annual %),NY.GDP.MKTP.KD.ZG,-0.151234154795034,1.98443935926034,1.72945510415275,0.80040525737941,-6.65871939280149
Timor-Leste,TLS,GDP growth (annual %),NY.GDP.MKTP.KD.ZG,3.38530654893876,-3.07109976075395,-0.687542477354754,19.5358102438791,10.37185523562
Middle East & North Africa (IDA & IBRD countries),TMN,GDP growth (annual %),NY.GDP.MKTP.KD.ZG,6.69231927375581,2.83124205755274,0.592702743538595,0.548480373177568,-3.40415585372752
Tonga,TON,GDP growth (annual %),NY.GDP.MKTP.KD.ZG,6.57100050107448,3.32243254438831,0.300009403851803,0.734030017207445,0.654698595700353
South Asia (IDA & IBRD),TSA,GDP growth (annual %),NY.GDP.MKTP.KD.ZG,7.67146359574183,6.60485104193131,6.44430592137985,4.04155959933803,-5.7061896493811
Sub-Saharan Africa (IDA & IBRD countries),TSS,GDP growth (annual %),NY.GDP.MKTP.KD.ZG,1.16309282605592,2.44183008114072,2.68869306257442,2.57695047521966,-2.0121354065443
Trinidad and Tobago,TTO,GDP growth (annual %),NY.GDP.MKTP.KD.ZG,-5.60181813910879,-2.98734019720676,0.0660497745971185,-1.24642733552926,-7.85393994847536
Tunisia,TUN,GDP growth (annual %),NY.GDP.MKTP.KD.ZG,1.11742585685852,2.24420096790901,2.51090707193929,1.40197667646078,-9.18237259399903
Turkey,TUR,GDP growth (annual %),NY.GDP.MKTP.KD.ZG,3.32308420845746,7.50199748917491,2.97988523467896,0.889585160591679,1.79355139618684
Tuvalu,TUV,GDP growth (annual %),NY.GDP.MKTP.KD.ZG,3.03472315323769,4.09401771680183,2.49999999999999,9.75609756097562,4.40000000000001
Tanzania,TZA,GDP growth (annual %),NY.GDP.MKTP.KD.ZG,6.86711619644551,6.78568011405198,5.44496760087571,5.79999997709915,1.99634350627701
Uganda,UGA,GDP growth (annual %),NY.GDP.MKTP.KD.ZG,4.78100029144677,3.13140551785879,6.30392378090806,6.43874503365606,2.9513064215777
Ukraine,UKR,GDP growth (annual %),NY.GDP.MKTP.KD.ZG,2.4409819445784,2.35997228099491,3.4883623420827,3.19950386231294,-4.00000610071135
Upper middle income,UMC,GDP growth (annual %),NY.GDP.MKTP.KD.ZG,4.23416056543992,5.20522742794094,4.92552207343118,4.12097655734989,-0.713231664785411
Uruguay,URY,GDP growth (annual %),NY.GDP.MKTP.KD.ZG,1.68979816429228,1.62775397322494,0.477907183899063,0.350447153086122,-5.85872124345026
United States,USA,GDP growth (annual %),NY.GDP.MKTP.KD.ZG,1.71142677366849,2.33267939548638,2.99646435222829,2.16117651518969,-3.40459157333871
Uzbekistan,UZB,GDP growth (annual %),NY.GDP.MKTP.KD.ZG,5.93215079992144,4.39527463345708,5.35499688821734,5.7096322218392,1.71477057564864
St. Vincent and the Grenadines,VCT,GDP growth (annual %),NY.GDP.MKTP.KD.ZG,1.89858763602686,0.999772778913879,2.15973003374579,0.534023342876026,-3.25283390832922
"Venezuela, RB",VEN,GDP growth (annual %),NY.GDP.MKTP.KD.ZG,,,,,
British Virgin Islands,VGB,GDP growth (annual %),NY.GDP.MKTP.KD.ZG,,,,,
Virgin Islands (U.S.),VIR,GDP growth (annual %),NY.GDP.MKTP.KD.ZG,1.6008537886873,-0.735294117647058,1.58730158730158,2.21354166666667,
Vietnam,VNM,GDP growth (annual %),NY.GDP.MKTP.KD.ZG,6.21081166789992,6.8122456596398,7.07578861674985,7.0174348821878,2.9058355842084
Vanuatu,VUT,GDP growth (annual %),NY.GDP.MKTP.KD.ZG,4.68867782300617,6.31560419866872,2.90023027256446,3.91253473745795,-6.81399113238088
World,WLD,GDP growth (annual %),NY.GDP.MKTP.KD.ZG,2.82511802669165,3.39442342651519,3.2696726971847,2.60087776956794,-3.29349659895067
Samoa,WSM,GDP growth (annual %),NY.GDP.MKTP.KD.ZG,8.12624935295858,1.04243371916148,-1.23316240720041,4.37982554521874,-2.59260829960374
Kosovo,XKX,GDP growth (annual %),NY.GDP.MKTP.KD.ZG,5.57175650727449,4.8256904268714,3.40663100837845,4.7568306194579,-5.34027530229791
"Yemen, Rep.",YEM,GDP growth (annual %),NY.GDP.MKTP.KD.ZG,-9.37512381761694,-5.07179563883867,0.75244741049714,,
South Africa,ZAF,GDP growth (annual %),NY.GDP.MKTP.KD.ZG,0.664552307858116,1.15794695181735,1.48761737271568,0.113053696742199,-6.43197482605483
Zambia,ZMB,GDP growth (annual %),NY.GDP.MKTP.KD.ZG,3.77667914626731,3.50433609558682,4.03449389667165,1.44130602603785,-2.78505506545167
Zimbabwe,ZWE,GDP growth (annual %),NY.GDP.MKTP.KD.ZG,0.755869250930601,4.70949217898975,4.82421053956361,-6.14423631439116,-6.24874822378281
