,Year,Country of asylum,Country of asylum (ISO),Refugees under UNHCR's mandate,Asylum-seekers,IDPs of concern to UNHCR,Stateless persons,Others of concern,GDP_annual_change
0,2016,Afghanistan,AFG,59770,123,1797551,0,114221,2.26031420130452
1,2017,Afghanistan,AFG,75927,215,1837079,0,448032,2.64700320195786
2,2018,Afghanistan,AFG,72228,281,2106893,0,489854,1.18922812838034
3,2019,Afghanistan,AFG,72227,247,2553390,0,447093,3.911603419423
4,2020,Afghanistan,AFG,72278,167,2886317,0,82595,-2.35110067344623
5,2021,Afghanistan,AFG,72226,187,3204805,0,84742,
6,2016,Albania,ALB,141,2750,0,4921,0,3.31498068405152
7,2017,Albania,ALB,124,32,0,4460,2719,3.80222740018748
8,2018,Albania,ALB,132,159,0,4160,76,4.01935968580831
9,2019,Albania,ALB,120,5,0,3687,153,2.11341998165848
10,2020,Albania,ALB,105,0,0,1031,10,-3.95539792669307
11,2021,Albania,ALB,107,0,0,1528,1083,
12,2016,Algeria,DZA,94220,5700,0,0,0,3.19999999999973
13,2017,Algeria,DZA,94248,6353,0,0,0,1.29999999999994
14,2018,Algeria,DZA,94341,8910,0,0,0,1.09999999999995
15,2019,Algeria,DZA,98599,1725,0,0,0,0.999999999999915
16,2020,Algeria,DZA,97651,2124,0,0,0,-5.09999999999982
17,2021,Algeria,DZA,97810,2282,0,0,0,
18,2016,Angola,AGO,15547,30131,0,0,0,-2.58004964404932
19,2017,Angola,AGO,41119,30131,0,0,0,-0.147212941085755
20,2018,Angola,AGO,39856,30128,0,0,0,-2.00362972730201
21,2019,Angola,AGO,25793,30178,0,0,61,-0.624644317706895
22,2020,Angola,AGO,25791,30278,0,0,61,-5.39998738958575
23,2021,Angola,AGO,25931,30282,0,0,198,
24,2019,Anguilla,AIA,0,0,0,0,0,
25,2020,Anguilla,AIA,0,0,0,0,0,
26,2021,Anguilla,AIA,0,0,0,0,0,
27,2016,Antigua and Barbuda,ATG,5,0,0,0,0,5.49645920357835
28,2016,Argentina,ARG,3267,3917,0,0,181,-2.08032784377811
29,2017,Argentina,ARG,3332,4111,0,0,56969,2.81850297775918
30,2018,Argentina,ARG,3442,6102,0,0,410,-2.61739646282038
31,2019,Argentina,ARG,3857,7992,0,0,443,-2.0259342366392
32,2020,Argentina,ARG,3965,9176,0,0,448,-9.89526896368687
33,2021,Argentina,ARG,4007,10354,0,0,448,
34,2016,Armenia,ARM,17883,73,0,512,0,0.199999999825991
35,2017,Armenia,ARM,17968,62,0,773,0,7.50000000164144
36,2018,Armenia,ARM,17966,105,0,848,0,5.19999999965324
37,2019,Armenia,ARM,17980,158,0,961,0,7.59999999853918
38,2020,Armenia,ARM,107910,136,0,1000,0,-7.40000000000001
39,2021,Armenia,ARM,45415,127,0,892,0,
40,2016,Aruba,ABW,0,5,0,0,0,0.0
41,2017,Aruba,ABW,0,147,0,0,0,0.0
42,2018,Aruba,ABW,0,407,0,0,0,
43,2019,Aruba,ABW,0,406,0,0,0,
44,2020,Aruba,ABW,0,0,0,0,13,
45,2021,Aruba,ABW,0,0,0,0,29,
46,2016,Australia,AUS,42187,29633,0,0,0,2.74164306864724
47,2017,Australia,AUS,48480,48029,0,52,0,2.29592694694063
48,2018,Australia,AUS,56934,60645,0,132,0,2.87097248021668
49,2019,Australia,AUS,58529,77363,0,0,0,2.11314942462376
50,2020,Australia,AUS,57411,80801,0,5221,46,-0.00383655856659
51,2021,Australia,AUS,56229,79819,0,5770,2022,
52,2016,Austria,AUT,93242,76382,0,937,0,1.98943716230463
53,2017,Austria,AUT,115252,56279,0,1003,0,2.25857243250671
54,2018,Austria,AUT,128779,37347,0,1062,0,2.50159511872086
55,2019,Austria,AUT,135951,29656,0,1132,0,1.49121084953705
56,2020,Austria,AUT,141816,20710,0,3267,0,-6.73451407608768
57,2021,Austria,AUT,146025,18308,0,3229,0,
58,2016,Azerbaijan,AZE,1193,255,613129,3585,0,-3.09999999999992
59,2017,Azerbaijan,AZE,1120,124,612785,3585,0,0.199999999999804
60,2018,Azerbaijan,AZE,1130,209,620423,3585,0,1.50000000000009
61,2019,Azerbaijan,AZE,1109,181,652326,3585,0,2.4999999999999
62,2020,Azerbaijan,AZE,1572,48,653921,3585,0,-4.29999999999997
63,2021,Azerbaijan,AZE,1603,42,653921,3585,0,
64,2016,Bahamas,BHS,9,17,0,0,0,
65,2017,Bahamas,BHS,8,15,0,0,0,
66,2018,Bahamas,BHS,14,24,0,0,0,
67,2019,Bahamas,BHS,10,13,0,0,0,
68,2020,Bahamas,BHS,15,13,0,0,0,
69,2021,Bahamas,BHS,20,8,0,0,0,
70,2016,Bahrain,BHR,270,111,0,0,0,3.55812811897778
71,2017,Bahrain,BHR,255,111,0,0,0,4.29094977756338
72,2018,Bahrain,BHR,262,58,0,0,0,2.13670134684136
73,2019,Bahrain,BHR,251,58,0,0,0,2.14137678356339
74,2020,Bahrain,BHR,256,104,0,0,0,-5.08518021318916
75,2021,Bahrain,BHR,251,107,0,0,0,
76,2016,Bangladesh,BGD,276203,0,0,0,0,7.11347821327269
77,2017,Bangladesh,BGD,932209,115,0,932204,0,7.28417442269364
78,2018,Bangladesh,BGD,906640,39,0,906635,0,7.86375358002958
79,2019,Bangladesh,BGD,854779,34,0,854704,0,8.1526841493979
80,2020,Bangladesh,BGD,866534,18,0,866457,472000,3.5091358821393
81,2021,Bangladesh,BGD,889775,27,0,889704,472000,
82,2018,Barbados,BRB,0,5,0,0,0,-0.580333154218167
83,2019,Barbados,BRB,0,10,0,0,0,-0.0961355529131964
84,2020,Barbados,BRB,0,5,0,0,0,-18.9795097037672
85,2021,Barbados,BRB,0,5,0,0,0,
86,2016,Belarus,BLR,1647,228,0,6182,0,-2.52644643552364
87,2017,Belarus,BLR,2155,273,0,6007,0,2.53218350023035
88,2018,Belarus,BLR,2225,184,0,6025,0,3.14919759374963
89,2019,Belarus,BLR,2725,131,0,6466,0,1.40000000000001
90,2020,Belarus,BLR,2900,143,0,6297,0,-0.900000000246891
91,2021,Belarus,BLR,2924,136,0,6104,0,
92,2016,Belgium,BEL,42158,24098,0,2630,0,1.26668640902095
93,2017,Belgium,BEL,42158,18760,0,7695,0,1.6195802783878
94,2018,Belgium,BEL,42158,19550,0,7695,0,1.81920366405947
95,2019,Belgium,BEL,61662,10862,0,10933,0,2.14955968072559
96,2020,Belgium,BEL,64973,29305,0,1264,940,-5.65965987018394
97,2021,Belgium,BEL,65906,22516,0,1159,854,
98,2016,Belize,BLZ,0,2427,0,0,1709,-0.0332336324360227
99,2017,Belize,BLZ,0,3120,0,0,2774,1.81368203309692
100,2018,Belize,BLZ,29,3305,0,0,2774,2.90606973116134
101,2019,Belize,BLZ,29,2144,0,0,3390,1.76279791284728
102,2020,Belize,BLZ,29,2249,0,0,3390,-14.0105321507761
103,2021,Belize,BLZ,65,2157,0,0,3500,
104,2016,Benin,BEN,804,224,0,0,0,3.33967342629693
105,2017,Benin,BEN,1056,262,0,0,0,5.67155546944753
106,2018,Benin,BEN,1167,308,0,0,0,6.69725946087986
107,2019,Benin,BEN,1238,373,0,0,0,6.86568733550151
108,2020,Benin,BEN,1396,464,0,0,0,3.84879240030133
109,2021,Benin,BEN,1427,501,0,0,0,
110,2016,Bolivia (Plurinational State of),BOL,776,0,0,0,0,
111,2017,Bolivia (Plurinational State of),BOL,802,34,0,0,0,
112,2018,Bolivia (Plurinational State of),BOL,802,34,0,0,0,
113,2019,Bolivia (Plurinational State of),BOL,863,242,0,0,0,
114,2020,Bolivia (Plurinational State of),BOL,1116,157,0,0,0,
115,2021,Bolivia (Plurinational State of),BOL,1116,35,0,0,0,
116,2016,Bosnia and Herzegovina,BIH,5266,51,98324,49,52437,3.14980691561182
117,2017,Bosnia and Herzegovina,BIH,5224,223,98574,65,48907,3.17143487487128
118,2018,Bosnia and Herzegovina,BIH,5227,1003,96830,90,48907,3.74007109201324
119,2019,Bosnia and Herzegovina,BIH,5241,725,96421,75,53728,2.83100260259697
120,2020,Bosnia and Herzegovina,BIH,5232,256,96305,66,7645,-3.19695013403583
121,2021,Bosnia and Herzegovina,BIH,416,177,96305,149,3516,
122,2016,Botswana,BWA,2090,78,0,0,660,7.03689695063241
123,2017,Botswana,BWA,2116,65,0,0,293,4.003449739749
124,2018,Botswana,BWA,2044,268,0,0,6,3.98039539042554
125,2019,Botswana,BWA,1113,150,0,0,6,2.99273763533627
126,2020,Botswana,BWA,617,422,0,0,6,-8.49289351078259
127,2021,Botswana,BWA,644,73,0,0,11,
128,2016,Brazil,BRA,9674,35451,0,5,22930,-3.2759169063211
129,2017,Brazil,BRA,10260,85739,0,294,52341,1.32286905390815
130,2018,Brazil,BRA,11304,152670,0,0,0,1.78366676137003
131,2019,Brazil,BRA,32844,207294,0,7,0,1.41115298506995
132,2020,Brazil,BRA,59092,202661,0,14,0,-4.05904827267271
133,2021,Brazil,BRA,60848,206000,0,14,0,
134,2021,British Virgin Islands,VGB,0,0,0,0,0,
135,2016,Brunei Darussalam,BRN,0,0,0,20524,0,-2.47791771833224
136,2017,Brunei Darussalam,BRN,0,0,0,20524,0,1.32860255161715
137,2018,Brunei Darussalam,BRN,0,0,0,20863,0,0.0522377907767719
138,2019,Brunei Darussalam,BRN,0,0,0,20863,0,3.86910986506845
139,2020,Brunei Darussalam,BRN,0,0,0,20863,0,1.13357335070793
140,2021,Brunei Darussalam,BRN,0,0,0,20863,0,
141,2016,Bulgaria,BGR,17794,16030,0,67,0,3.03982527630795
142,2017,Bulgaria,BGR,19166,2712,0,48,0,2.76217095961262
143,2018,Bulgaria,BGR,19906,1560,0,92,0,2.68457613091411
144,2019,Bulgaria,BGR,20438,2060,0,116,0,4.03759208211947
145,2020,Bulgaria,BGR,21113,1938,0,1141,0,-4.38714983385256
146,2021,Bulgaria,BGR,21770,1691,0,1143,0,
147,2016,Burkina Faso,BFA,32551,126,0,0,0,5.95797670754024
148,2017,Burkina Faso,BFA,24152,43,2350,0,0,6.20348941121868
149,2018,Burkina Faso,BFA,25120,40,47030,0,0,6.60456906812341
150,2019,Burkina Faso,BFA,25869,29,560033,0,0,5.68811514943657
151,2020,Burkina Faso,BFA,20252,30,1074993,0,0,1.93032488957256
152,2021,Burkina Faso,BFA,22291,29,1312071,0,0,
153,2016,Burundi,BDI,57462,3608,141221,974,649,-0.600020000546493
154,2017,Burundi,BDI,62353,3551,57258,974,772,0.500009998779461
155,2018,Burundi,BDI,71501,5658,31909,974,787,1.60993308234522
156,2019,Burundi,BDI,78465,9090,33256,974,1904,1.84247667669987
157,2020,Burundi,BDI,75461,4914,21863,974,1977,0.297577119233125
158,2021,Burundi,BDI,76837,4929,19399,767,2179,
159,2016,Cabo Verde,CPV,0,0,0,115,0,4.70579150927118
160,2017,Cabo Verde,CPV,0,0,0,115,0,3.70203918776542
161,2018,Cabo Verde,CPV,0,0,0,115,0,4.53116168434889
162,2019,Cabo Verde,CPV,0,0,0,115,0,5.66775246034304
163,2020,Cabo Verde,CPV,0,0,0,115,0,-14.7834050101145
164,2021,Cabo Verde,CPV,0,0,0,115,0,
165,2016,Cambodia,KHM,61,170,0,0,0,6.93331397294972
166,2017,Cambodia,KHM,61,44,0,0,0,6.99690369938479
167,2018,Cambodia,KHM,0,0,0,57444,0,7.469169206999
168,2019,Cambodia,KHM,0,27,0,57444,0,7.05410693233065
169,2020,Cambodia,KHM,0,12,0,57444,0,-3.1475890983283
170,2021,Cambodia,KHM,32,66,0,57444,0,
171,2016,Cameroon,CMR,375413,3237,198889,0,28,4.53579423569734
172,2017,Cameroon,CMR,337382,5765,221695,0,38,3.54117654926007
173,2018,Cameroon,CMR,380327,8092,668494,0,25,3.9555142403664
174,2019,Cameroon,CMR,406259,10065,950263,0,20,3.47505997865608
175,2020,Cameroon,CMR,436396,6809,1032942,0,215,0.491914742161129
176,2021,Cameroon,CMR,446101,6059,1032942,0,1245,
177,2016,Canada,CAN,97322,23946,0,0,0,1.00139441390405
178,2017,Canada,CAN,104768,51859,0,3790,0,3.03988022528195
179,2018,Canada,CAN,114101,78766,0,3790,0,2.77704055379553
180,2019,Canada,CAN,101757,97701,0,3790,0,1.87959202770178
181,2020,Canada,CAN,109214,85352,0,4139,0,-5.23302430280606
182,2021,Canada,CAN,125427,73198,0,3823,0,
183,2016,Cayman Islands,CYM,18,24,0,0,0,3.23997688772937
184,2017,Cayman Islands,CYM,29,28,0,0,0,3.18404337595337
185,2018,Cayman Islands,CYM,34,27,0,0,0,4.19434090986198
186,2019,Cayman Islands,CYM,34,14,0,0,0,3.81710040387819
187,2020,Cayman Islands,CYM,38,28,0,0,0,-6.73028742811069
188,2021,Cayman Islands,CYM,43,30,0,0,0,
189,2016,Central African Rep.,CAF,12117,310,411785,0,0,
190,2017,Central African Rep.,CAF,10033,571,688700,0,0,
191,2018,Central African Rep.,CAF,6652,397,640970,0,0,
192,2019,Central African Rep.,CAF,7170,309,669906,0,0,
193,2020,Central African Rep.,CAF,9083,285,681930,0,0,
194,2021,Central African Rep.,CAF,9174,293,716678,0,0,
195,2016,Chad,TCD,391235,1908,124342,0,36718,-6.25552708545281
196,2017,Chad,TCD,411475,660,99983,0,99103,-2.98869598553931
197,2018,Chad,TCD,451203,3467,165314,0,36718,2.37403780037786
198,2019,Chad,TCD,442670,3756,170278,0,122359,3.24718191743429
199,2020,Chad,TCD,478649,4568,336124,0,99765,-0.947304885424217
200,2021,Chad,TCD,508304,4548,401511,0,107810,
201,2016,Chile,CHL,1730,3218,0,0,0,1.71108928867041
202,2017,Chile,CHL,1861,8462,0,0,86687,1.18454470657974
203,2018,Chile,CHL,2026,11993,0,0,1989,3.71385917709956
204,2019,Chile,CHL,2046,8521,0,0,2073,0.942005306544473
205,2020,Chile,CHL,2053,8069,0,0,1866,-5.77150166878876
206,2021,Chile,CHL,2060,6451,0,0,1881,
207,2016,China,CHN,317254,647,0,0,0,6.84876220503246
208,2017,China,CHN,321714,691,0,0,0,6.94720079327288
209,2018,China,CHN,321758,583,0,0,0,6.74977383247717
210,2019,China,CHN,303379,644,0,0,0,5.94971423273162
211,2020,China,CHN,303405,743,0,0,0,2.3475135727457
212,2021,China,CHN,303430,704,0,0,0,
213,2016,"China, Hong Kong SAR",HKG,91,0,0,0,0,
214,2017,"China, Hong Kong SAR",HKG,85,5,0,0,0,
215,2018,"China, Hong Kong SAR",HKG,128,0,0,0,0,
216,2019,"China, Hong Kong SAR",HKG,128,0,0,0,0,
217,2020,"China, Hong Kong SAR",HKG,241,0,0,0,0,
218,2021,"China, Hong Kong SAR",HKG,265,0,0,0,0,
219,2016,"China, Macao SAR",MAC,0,5,0,0,0,
220,2017,"China, Macao SAR",MAC,0,5,0,0,0,
221,2016,Colombia,COL,241,368,7410816,11,0,2.08738250162794
222,2017,Colombia,COL,260,525,7677609,11,68734,1.35936086788746
223,2018,Colombia,COL,294,2851,7816473,11,0,2.56432428277704
224,2019,Colombia,COL,634,9094,7976412,11,400000,3.28111680452643
225,2020,Colombia,COL,957,19933,8252788,11,1241889,-6.79575810693639
226,2021,Colombia,COL,964,30599,8143758,11,1287450,
227,2016,Congo,COG,46454,6672,15303,0,3155,
228,2017,Congo,COG,48509,7092,107828,0,3862,
229,2018,Congo,COG,37491,9176,138000,0,12399,
230,2019,Congo,COG,25668,14417,134430,0,11770,
231,2020,Congo,COG,27097,13622,134430,0,11920,
232,2021,Congo,COG,38421,13651,134430,0,10098,
233,2016,Costa Rica,CRI,4162,3626,0,127,0,4.20432325178332
234,2017,Costa Rica,CRI,4479,7428,0,71,0,4.15769896287743
235,2018,Costa Rica,CRI,4531,32595,0,82,40,2.61590440443709
236,2019,Costa Rica,CRI,6204,87470,0,231,69,2.25631507916432
237,2020,Costa Rica,CRI,9593,89744,0,199,0,-4.06367653504677
238,2021,Costa Rica,CRI,9976,95275,0,205,72,
239,2016,Cote d'Ivoire,CIV,1397,276,0,694000,118,7.17920782392478
240,2017,Cote d'Ivoire,CIV,1559,368,0,692000,165,7.35963808821695
241,2018,Cote d'Ivoire,CIV,1808,198,0,692000,104,6.89028431967284
242,2019,Cote d'Ivoire,CIV,2020,151,0,955399,65,6.23170951305083
243,2020,Cote d'Ivoire,CIV,2086,224,5394,954531,50,1.95833247878154
244,2021,Cote d'Ivoire,CIV,2119,223,0,952969,50,
245,2016,Croatia,HRV,300,529,0,2873,14518,3.53243223207443
246,2017,Croatia,HRV,508,406,0,2873,8019,3.41409225965485
247,2018,Croatia,HRV,787,198,0,2886,4376,2.90000959900429
248,2019,Croatia,HRV,916,454,0,2886,4027,3.48194560339674
249,2020,Croatia,HRV,956,567,0,2898,2520,-8.09976125177539
250,2021,Croatia,HRV,965,583,0,2910,1231,
251,2016,Cuba,CUB,312,28,0,0,0,0.513761467889907
252,2017,Cuba,CUB,343,15,0,0,0,1.80905439941586
253,2018,Cuba,CUB,287,24,0,0,0,2.24848039303581
254,2019,Cuba,CUB,233,32,0,0,0,-0.164839982463832
255,2020,Cuba,CUB,222,10,0,0,0,-10.9483409741617
256,2021,Cuba,CUB,207,5,0,0,0,
257,2016,Curacao ,CUW,53,55,0,0,0,
258,2017,Curacao ,CUW,74,729,0,0,0,
259,2018,Curacao ,CUW,99,342,0,0,0,
260,2019,Curacao ,CUW,42,345,0,0,0,
261,2020,Curacao ,CUW,68,318,0,0,0,
262,2021,Curacao ,CUW,67,318,0,0,0,
263,2016,Cyprus,CYP,8478,3049,0,0,6000,6.45455446625895
264,2017,Cyprus,CYP,9790,5216,0,0,6000,5.85254035493243
265,2018,Cyprus,CYP,11002,10267,0,0,6000,5.69284172448825
266,2019,Cyprus,CYP,12311,18799,0,0,4000,5.28318739627791
267,2020,Cyprus,CYP,13997,20483,0,56,4000,-5.2289880999943
268,2021,Cyprus,CYP,15141,21919,0,66,4000,
269,2016,Czechia,CZE,3640,769,0,1502,0,
270,2017,Czechia,CZE,3640,799,0,1502,0,
271,2018,Czechia,CZE,2186,1910,0,1502,0,
272,2019,Czechia,CZE,2054,1632,0,1394,413,
273,2020,Czechia,CZE,1919,1537,0,1492,1502,
274,2021,Czechia,CZE,2052,1014,0,1498,1436,
275,2016,Dem. Rep. of the Congo,COD,451957,1324,2232900,0,0,
276,2017,Dem. Rep. of the Congo,COD,537089,807,4351376,0,0,
277,2018,Dem. Rep. of the Congo,COD,529065,5770,4516866,0,0,
278,2019,Dem. Rep. of the Congo,COD,523733,3192,5014253,0,0,
279,2020,Dem. Rep. of the Congo,COD,490243,1480,5198131,0,0,
280,2021,Dem. Rep. of the Congo,COD,519819,16595,5094035,0,0,
281,2016,Denmark,DNK,33501,7001,0,7610,0,3.24595698524399
282,2017,Denmark,DNK,35668,4229,0,7990,0,2.82173634129026
283,2018,Denmark,DNK,36623,2675,0,8236,0,1.98953731496432
284,2019,Denmark,DNK,37533,1462,0,8672,0,2.11466420842453
285,2020,Denmark,DNK,36643,1331,0,11655,0,-2.06212495876164
286,2021,Denmark,DNK,36431,844,0,11608,0,
287,2016,Djibouti,DJI,17683,8058,0,0,117,6.65265037178067
288,2017,Djibouti,DJI,17553,9357,0,0,88,5.40309984307834
289,2018,Djibouti,DJI,18293,10479,0,0,0,8.40766266610518
290,2019,Djibouti,DJI,19639,11224,0,0,0,7.77049725726383
291,2020,Djibouti,DJI,21193,10811,0,0,1301,0.499999999999986
292,2021,Djibouti,DJI,22123,11441,0,0,1301,
293,2016,Dominican Rep.,DOM,593,787,0,0,0,
294,2017,Dominican Rep.,DOM,594,850,0,0,0,
295,2018,Dominican Rep.,DOM,164,327,0,0,0,
296,2019,Dominican Rep.,DOM,164,561,0,0,0,
297,2020,Dominican Rep.,DOM,162,625,0,0,0,
298,2021,Dominican Rep.,DOM,162,642,0,0,0,
299,2016,Ecuador,ECU,102848,24542,0,0,0,-1.22638398463879
300,2017,Ecuador,ECU,92405,11895,0,0,41000,2.36838652633651
301,2018,Ecuador,ECU,101550,17044,0,0,0,1.28929193290502
302,2019,Ecuador,ECU,104560,25002,0,0,0,0.0121051028476558
303,2020,Ecuador,ECU,104582,26001,0,0,0,-7.75012337710913
304,2021,Ecuador,ECU,55424,6565,0,0,0,
305,2016,Egypt,EGY,213515,49844,0,19,0,
306,2017,Egypt,EGY,232647,56557,0,0,0,
307,2018,Egypt,EGY,246746,68168,0,5,0,
308,2019,Egypt,EGY,258391,69842,0,5,0,
309,2020,Egypt,EGY,272826,56446,0,7,0,
310,2021,Egypt,EGY,277665,57320,0,7,0,
311,2016,El Salvador,SLV,41,0,0,0,9800,2.54592608601685
312,2017,El Salvador,SLV,40,5,71500,0,4200,2.2466700387793
313,2018,El Salvador,SLV,44,16,71501,0,4700,2.43228758708827
314,2019,El Salvador,SLV,48,29,71500,0,6800,2.38258139815673
315,2020,El Salvador,SLV,48,53,71500,0,1700,-8.5813121584968
316,2021,El Salvador,SLV,32,67,71500,0,290,
317,2016,Eritrea,ERI,2342,8,0,0,16,
318,2017,Eritrea,ERI,2392,0,0,0,19,
319,2018,Eritrea,ERI,2252,0,0,0,21,
320,2019,Eritrea,ERI,199,0,0,0,17,
321,2020,Eritrea,ERI,201,0,0,0,17,
322,2021,Eritrea,ERI,121,0,0,0,17,
323,2016,Estonia,EST,312,43,0,82585,0,3.15556481438308
324,2017,Estonia,EST,405,36,0,80314,0,5.79204467466494
325,2018,Estonia,EST,319,30,0,77877,0,4.13381979831833
326,2019,Estonia,EST,331,33,0,75599,0,4.09634264397782
327,2020,Estonia,EST,277,5,0,73215,0,-2.95106931268964
328,2021,Estonia,EST,288,15,0,71873,0,
329,2016,Eswatini,SWZ,725,377,0,0,0,1.06261019342853
330,2017,Eswatini,SWZ,790,544,0,0,0,2.0265781557498
331,2018,Eswatini,SWZ,874,739,0,0,0,2.37161052114132
332,2019,Eswatini,SWZ,940,963,0,0,0,2.61303529001997
333,2020,Eswatini,SWZ,945,1104,0,0,0,-1.85052471016712
334,2021,Eswatini,SWZ,987,1151,0,0,0,
335,2016,Ethiopia,ETH,791631,1948,0,0,535,9.43348265784402
336,2017,Ethiopia,ETH,889412,2593,1078429,0,528,9.56418964295607
337,2018,Ethiopia,ETH,903226,2136,2615800,0,452,6.81614779681703
338,2019,Ethiopia,ETH,733123,1677,1733628,0,392,8.3640856990789
339,2020,Ethiopia,ETH,800454,1901,2733628,0,454,6.05661779202561
340,2021,Ethiopia,ETH,782896,2110,3954760,0,460,
341,2016,Fiji,FJI,7,0,0,0,0,2.44565200769968
342,2017,Fiji,FJI,7,10,0,0,0,5.35336493706966
343,2018,Fiji,FJI,0,17,0,0,0,3.81235097047221
344,2019,Fiji,FJI,12,10,0,0,0,-0.445563043622684
345,2020,Fiji,FJI,14,5,0,0,0,-15.7118039805906
346,2021,Fiji,FJI,13,5,0,0,0,
347,2016,Finland,FIN,18402,5559,0,2671,0,2.81145776663433
348,2017,Finland,FIN,20793,3101,0,2749,0,3.19240962968416
349,2018,Finland,FIN,22287,3264,0,2759,0,1.14194750876192
350,2019,Finland,FIN,23458,8719,0,2801,0,1.22075414302529
351,2020,Finland,FIN,23428,6316,0,3428,0,-2.80013589086919
352,2021,Finland,FIN,23746,5308,0,3416,0,
353,2016,France,FRA,304527,62764,0,1370,0,1.09546440372048
354,2017,France,FRA,337158,63115,0,1425,0,2.29141999417021
355,2018,France,FRA,368345,89055,0,1493,0,1.86506607081999
356,2019,France,FRA,407915,102192,0,1521,0,1.84297181445896
357,2020,France,FRA,436055,118137,0,2068,1606,-7.85525603703762
358,2021,France,FRA,457153,82032,0,2094,1681,
359,2016,Gabon,GAB,926,1911,0,0,0,2.09144220829562
360,2017,Gabon,GAB,845,5,0,0,0,0.472642030911146
361,2018,Gabon,GAB,686,82,0,0,0,0.83791658082157
362,2019,Gabon,GAB,454,76,0,0,0,3.92080879452831
363,2020,Gabon,GAB,467,80,0,0,0,-1.83776092953785
364,2021,Gabon,GAB,333,63,0,0,0,
365,2016,Gambia,GMB,7936,0,0,0,0,
366,2017,Gambia,GMB,8039,5,0,0,0,
367,2018,Gambia,GMB,4027,349,0,0,0,
368,2019,Gambia,GMB,4302,206,0,0,0,
369,2020,Gambia,GMB,4378,207,0,0,0,
370,2021,Gambia,GMB,4419,207,0,0,0,
371,2016,Georgia,GEO,2122,305,273765,580,0,2.90643878002064
372,2017,Georgia,GEO,2089,530,278103,587,0,4.84260322496586
373,2018,Georgia,GEO,1987,677,282382,566,0,4.84291988506627
374,2019,Georgia,GEO,1355,1111,286216,559,593,4.98235047511106
375,2020,Georgia,GEO,1780,1282,288538,531,0,-6.76043981705519
376,2021,Georgia,GEO,1795,1271,289213,534,0,
377,2016,Germany,DEU,669468,587306,0,12017,0,2.22999986782015
378,2017,Germany,DEU,970357,429265,0,13458,0,2.68023111405891
379,2018,Germany,DEU,1063835,369239,0,14779,0,1.08602451412267
380,2019,Germany,DEU,1146682,310957,0,14947,0,1.05550824713283
381,2020,Germany,DEU,1210596,243157,0,26675,0,-4.56961671737398
382,2021,Germany,DEU,1235160,232481,0,26980,0,
383,2016,Ghana,GHA,11866,1365,0,0,0,3.37346574966936
384,2017,Ghana,GHA,12153,1303,0,0,0,8.12889488100956
385,2018,Ghana,GHA,11896,1312,0,0,0,6.20007768127284
386,2019,Ghana,GHA,11946,1518,0,0,0,6.5077747939152
387,2020,Ghana,GHA,12406,1511,0,0,0,0.414443457624131
388,2021,Ghana,GHA,12388,1879,0,0,0,
389,2016,Greece,GRC,46411,39960,0,198,0,-0.487173294301954
390,2017,Greece,GRC,38988,44188,0,198,0,1.09214912017283
391,2018,Greece,GRC,61446,76057,0,198,0,1.66842863602514
392,2019,Greece,GRC,80454,105684,0,4734,0,1.80359525615141
393,2020,Greece,GRC,103101,60873,0,5557,4705,-9.01912908499726
394,2021,Greece,GRC,112022,49397,0,5552,4705,
395,2020,Grenada,GRD,0,0,0,0,0,-13.7077306813298
396,2021,Grenada,GRD,0,0,0,0,0,
397,2016,Guatemala,GTM,295,0,0,0,23900,2.67780255532826
398,2017,Guatemala,GTM,360,28,0,0,62200,3.07985149125689
399,2018,Guatemala,GTM,380,251,0,0,110600,3.32209799734959
400,2019,Guatemala,GTM,408,631,0,0,110600,3.866856574905
401,2020,Guatemala,GTM,442,784,0,0,112749,-1.51932802919289
402,2021,Guatemala,GTM,471,1069,0,0,102141,
403,2016,Guinea,GIN,5067,104,0,0,0,10.8206214375736
404,2017,Guinea,GIN,5156,108,0,0,0,10.3000004937957
405,2018,Guinea,GIN,4294,1578,0,0,0,6.35849192736175
406,2019,Guinea,GIN,4964,1980,0,0,0,5.64617556842045
407,2020,Guinea,GIN,6029,3543,0,0,0,6.98855997080146
408,2021,Guinea,GIN,6239,2706,0,0,0,
409,2016,Guinea-Bissau,GNB,9264,29,0,0,0,6.26280563780463
410,2017,Guinea-Bissau,GNB,11207,11,0,0,0,5.91917662586047
411,2018,Guinea-Bissau,GNB,4853,21,0,0,0,1.28373670309465
412,2019,Guinea-Bissau,GNB,1846,30,0,0,0,4.49999999151316
413,2020,Guinea-Bissau,GNB,1846,30,0,0,0,-2.39999999921721
414,2021,Guinea-Bissau,GNB,1846,30,0,0,0,
415,2016,Guyana,GUY,12,0,0,0,0,3.8079188370272
416,2017,Guyana,GUY,17,0,0,0,0,3.73437406053053
417,2018,Guyana,GUY,25,12,0,0,0,4.44101358934772
418,2019,Guyana,GUY,14,57,0,0,0,5.35262742597216
419,2020,Guyana,GUY,23,72,0,0,0,43.4795559399402
420,2021,Guyana,GUY,23,111,0,0,0,
421,2016,Haiti,HTI,5,0,0,2302,0,1.81246807847532
422,2017,Haiti,HTI,5,0,0,2302,0,2.51027134544685
423,2018,Haiti,HTI,5,0,0,2992,0,1.66781095484656
424,2019,Haiti,HTI,0,5,0,0,0,-1.68459508133022
425,2020,Haiti,HTI,0,5,0,0,0,-3.34337261175989
426,2021,Haiti,HTI,0,5,0,0,0,
427,2016,Honduras,HND,16,10,174000,0,4800,3.89297219726413
428,2017,Honduras,HND,27,11,174000,0,3200,4.84291391050387
429,2018,Honduras,HND,28,55,174001,0,5200,3.84499476966735
430,2019,Honduras,HND,75,109,247090,0,6000,2.65306625480355
431,2020,Honduras,HND,85,116,247090,0,2940,-8.96476018404584
432,2021,Honduras,HND,124,60,247090,0,5040,
433,2016,Hungary,HUN,4736,3396,0,135,0,2.19196036930391
434,2017,Hungary,HUN,5671,666,0,139,0,4.26855741926617
435,2018,Hungary,HUN,6019,120,0,144,0,5.35949648949985
436,2019,Hungary,HUN,5750,222,0,76,0,4.55406307213036
437,2020,Hungary,HUN,5838,38,0,147,0,-4.67568699324362
438,2021,Hungary,HUN,5736,11,0,130,0,
439,2016,Iceland,ISL,245,324,0,131,0,6.30368710650176
440,2017,Iceland,ISL,361,327,0,85,0,4.19494882908376
441,2018,Iceland,ISL,549,437,0,69,0,4.89218073132504
442,2019,Iceland,ISL,894,371,0,48,0,2.43482300037417
443,2020,Iceland,ISL,1460,181,0,66,0,-6.50391225040894
444,2021,Iceland,ISL,1535,201,0,73,0,
445,2016,India,IND,197848,9209,0,0,0,8.25630550179086
446,2017,India,IND,197142,10508,0,0,0,6.79538341897911
447,2018,India,IND,195887,11938,0,0,0,6.53298901139763
448,2019,India,IND,195103,12385,0,17730,0,4.0415541865323
449,2020,India,IND,195373,11217,0,18174,0,-7.25175478178826
450,2021,India,IND,196194,12474,0,19677,0,
451,2016,Indonesia,IDN,7824,6558,0,0,0,5.03306918280177
452,2017,Indonesia,IDN,9782,4016,0,0,0,5.06978590134916
453,2018,Indonesia,IDN,10786,3196,0,0,0,5.17429153955024
454,2019,Indonesia,IDN,10287,3476,0,582,0,5.01815971508286
455,2020,Indonesia,IDN,10114,3597,0,874,170,-2.06954349906437
456,2021,Indonesia,IDN,10076,3309,0,668,165,
457,2016,Iran (Islamic Rep. of),IRN,979435,91,0,0,0,
458,2017,Iran (Islamic Rep. of),IRN,979435,84,0,0,0,
459,2018,Iran (Islamic Rep. of),IRN,979435,33,0,0,0,
460,2019,Iran (Islamic Rep. of),IRN,979435,35,0,0,0,
461,2020,Iran (Islamic Rep. of),IRN,800025,34,0,34,0,
462,2021,Iran (Islamic Rep. of),IRN,800025,34,0,34,0,
463,2016,Iraq,IRQ,261863,11488,3604285,48200,3161,13.7873730187089
464,2017,Iraq,IRQ,277668,13035,2615988,47630,0,-1.81975035118309
465,2018,Iraq,IRQ,283018,14013,1802832,47515,6,2.63385099105624
466,2019,Iraq,IRQ,273986,12938,1414632,47253,10,5.95732750325479
467,2020,Iraq,IRQ,270377,12670,1224108,47253,5,-15.6730927866074
468,2021,Iraq,IRQ,272215,11167,1198940,47253,28,
469,2016,Ireland,IRL,5720,4221,0,99,0,2.04223252701499
470,2017,Ireland,IRL,6394,5991,0,99,0,8.940012771816
471,2018,Ireland,IRL,6012,7159,0,99,0,9.03016110018034
472,2019,Ireland,IRL,7795,7890,0,99,0,4.91700697830244
473,2020,Ireland,IRL,9035,7393,0,107,99,5.86697550911293
474,2021,Ireland,IRL,9421,7002,0,107,99,
475,2016,Israel,ISR,30529,21274,0,42,0,4.46275381784649
476,2017,Israel,ISR,25657,29704,0,42,0,4.37704442820299
477,2018,Israel,ISR,18554,35569,0,42,0,3.98342459356549
478,2019,Israel,ISR,16107,38479,0,42,0,3.77358980957163
479,2020,Israel,ISR,1843,32518,0,42,10003,-2.15342848939964
480,2021,Israel,ISR,1860,29156,0,42,10457,
481,2016,Italy,ITA,147362,99896,0,701,0,1.29346273155907
482,2017,Italy,ITA,167330,186645,0,715,0,1.66785904106857
483,2018,Italy,ITA,189227,105606,0,732,0,0.925810941012742
484,2019,Italy,ITA,207602,47030,0,15822,0,0.410278293983012
485,2020,Italy,ITA,128033,53901,0,3000,0,-8.93859250023444
486,2021,Italy,ITA,134499,53686,0,3000,0,
487,2016,Jamaica,JAM,13,8,0,0,0,1.37522306445538
488,2017,Jamaica,JAM,13,8,0,0,0,0.997123062335191
489,2018,Jamaica,JAM,13,21,0,0,0,1.88992368121086
490,2019,Jamaica,JAM,0,5,0,0,0,0.892291653822227
491,2020,Jamaica,JAM,27,5,0,0,0,-10.0
492,2021,Jamaica,JAM,27,5,0,0,0,
493,2016,Japan,JPN,2512,18801,0,626,0,0.753826745903538
494,2017,Japan,JPN,2189,31204,0,585,0,1.67533175166503
495,2018,Japan,JPN,1893,29040,0,709,0,0.558851275379695
496,2019,Japan,JPN,1463,29123,0,687,0,0.270304645083556
497,2020,Japan,JPN,1132,23765,0,707,0,-4.58550828070608
498,2021,Japan,JPN,1132,23765,0,707,0,
499,2016,Jordan,JOR,685188,35600,0,0,0,1.9941808493012
500,2017,Jordan,JOR,691015,43809,0,0,0,2.08711455126291
501,2018,Jordan,JOR,715298,52536,0,0,1386,1.93409170141707
502,2019,Jordan,JOR,693668,51432,0,0,2117,1.95546635784412
503,2020,Jordan,JOR,702461,4866,0,18,988,-1.55138446553204
504,2021,Jordan,JOR,708308,48368,0,63,1003,
505,2016,Kazakhstan,KAZ,647,133,0,8451,0,1.09999999990164
506,2017,Kazakhstan,KAZ,602,207,0,8138,0,4.10000000033854
507,2018,Kazakhstan,KAZ,568,190,0,7690,0,4.09999999987123
508,2019,Kazakhstan,KAZ,518,212,0,8386,0,4.50000000008481
509,2020,Kazakhstan,KAZ,440,223,0,7999,0,-2.5
510,2021,Kazakhstan,KAZ,399,236,0,7915,0,
511,2016,Kenya,KEN,451097,43748,0,20000,0,4.21351706814744
512,2017,Kenya,KEN,431895,56499,0,18500,0,3.81550642712519
513,2018,Kenya,KEN,421243,50458,0,18500,0,5.62910144021626
514,2019,Kenya,KEN,438899,53008,0,18500,0,4.98113262830462
515,2020,Kenya,KEN,452916,51916,0,16820,44000,-0.316182728955951
516,2021,Kenya,KEN,466286,54878,0,16820,44000,
517,2016,Kuwait,KWT,935,823,0,93000,0,2.92586822591576
518,2017,Kuwait,KWT,613,948,0,92000,0,-4.71210620851997
519,2018,Kuwait,KWT,671,983,0,92000,16,1.24612940824558
520,2019,Kuwait,KWT,686,1079,0,92020,0,0.427463940207701
521,2020,Kuwait,KWT,732,1054,0,92000,20,-8.6852616529353
522,2021,Kuwait,KWT,740,1090,0,92020,20,
523,2016,Kyrgyzstan,KGZ,334,120,0,2334,0,
524,2017,Kyrgyzstan,KGZ,334,107,0,855,0,
525,2018,Kyrgyzstan,KGZ,329,105,0,548,0,
526,2019,Kyrgyzstan,KGZ,347,164,0,58,0,
527,2020,Kyrgyzstan,KGZ,334,343,0,18,0,
528,2021,Kyrgyzstan,KGZ,327,452,0,16,0,
529,2016,Latvia,LVA,340,151,0,242736,0,2.36760954261752
530,2017,Latvia,LVA,653,54,0,233571,0,3.31308888984125
531,2018,Latvia,LVA,664,45,0,224844,0,3.9894803874928
532,2019,Latvia,LVA,665,41,0,216851,0,2.48432635462976
533,2020,Latvia,LVA,637,73,0,209168,0,-3.61856599172043
534,2021,Latvia,LVA,678,23,0,209168,0,
535,2016,Lebanon,LBN,1012959,13724,0,0,4574,1.58205455056178
536,2017,Lebanon,LBN,998876,15321,0,0,4183,0.782014000829008
537,2018,Lebanon,LBN,949653,16404,0,0,3518,-1.70217480748664
538,2019,Lebanon,LBN,916141,12119,0,0,7875,-7.15724706998392
539,2020,Lebanon,LBN,870388,10278,0,0,7149,-21.4642662752687
540,2021,Lebanon,LBN,856758,8932,0,0,6980,
541,2016,Lesotho,LSO,46,5,0,0,0,3.58836459667835
542,2017,Lesotho,LSO,55,28,0,0,0,-3.14194994562207
543,2018,Lesotho,LSO,56,36,0,0,0,-1.22313731083291
544,2019,Lesotho,LSO,143,78,0,0,0,-0.381431981522567
545,2020,Lesotho,LSO,271,179,0,0,0,-9.61403701940095
546,2021,Lesotho,LSO,295,219,0,0,0,
547,2016,Liberia,LBR,18978,14,0,0,1479,-1.5549586174878
548,2017,Liberia,LBR,11109,30,0,0,374,2.45515592012239
549,2018,Liberia,LBR,9103,40,0,0,0,1.15757512207355
550,2019,Liberia,LBR,8225,11,0,0,0,-2.46729763532686
551,2020,Liberia,LBR,8213,10668,0,0,0,-2.98291628083938
552,2021,Liberia,LBR,8441,30017,0,0,0,
553,2016,Libya,LBY,9311,29221,174510,0,0,-2.79546888990187
554,2017,Libya,LBY,9352,35650,180937,0,0,26.6809026327981
555,2018,Libya,LBY,8792,47403,170491,0,0,15.1327998906632
556,2019,Libya,LBY,4730,42796,355672,0,0,2.53595347758677
557,2020,Libya,LBY,4149,40039,278177,0,0,-31.3000000487945
558,2021,Libya,LBY,3701,39434,223949,0,0,
559,2016,Liechtenstein,LIE,161,78,0,0,0,
560,2017,Liechtenstein,LIE,164,79,0,0,0,
561,2018,Liechtenstein,LIE,166,70,0,0,0,
562,2019,Liechtenstein,LIE,125,29,0,0,0,
563,2020,Liechtenstein,LIE,129,20,0,0,0,
564,2021,Liechtenstein,LIE,131,15,0,0,0,
565,2016,Lithuania,LTU,1284,147,0,3466,0,2.51882827307178
566,2017,Lithuania,LTU,1577,249,0,3193,0,4.28259695120761
567,2018,Lithuania,LTU,1731,273,0,3039,0,3.99331032795327
568,2019,Lithuania,LTU,1822,408,0,2904,0,4.57377173669815
569,2020,Lithuania,LTU,1880,122,0,2721,0,-0.132431460828812
570,2021,Lithuania,LTU,1880,455,0,2721,0,
571,2016,Luxembourg,LUX,2020,2186,0,83,0,4.97819043681629
572,2017,Luxembourg,LUX,2020,1495,0,83,0,1.31718766293677
573,2018,Luxembourg,LUX,2020,1485,0,83,0,2.00437711983041
574,2019,Luxembourg,LUX,2548,1785,0,83,0,3.28380675586517
575,2020,Luxembourg,LUX,5158,1400,0,194,85,-1.7762402290181
576,2021,Luxembourg,LUX,5158,1580,0,194,85,
577,2016,Madagascar,MDG,22,27,0,0,0,3.99314606412389
578,2017,Madagascar,MDG,39,57,0,0,0,3.93330759454741
579,2018,Madagascar,MDG,39,90,0,0,0,3.19435651491895
580,2019,Madagascar,MDG,113,128,0,0,0,4.41123213007131
581,2020,Madagascar,MDG,112,189,0,0,0,-7.14061159103504
582,2021,Madagascar,MDG,156,129,0,0,9,
583,2016,Malawi,MWI,9386,21022,0,0,0,2.48404062523817
584,2017,Malawi,MWI,8977,25987,0,0,357,4.00003051707549
585,2018,Malawi,MWI,13783,23135,0,0,320,4.39168829609886
586,2019,Malawi,MWI,14087,30824,0,0,239,5.44818133617287
587,2020,Malawi,MWI,14892,33129,0,0,244,0.799998330902724
588,2021,Malawi,MWI,16359,34461,0,0,250,
589,2016,Malaysia,MYS,92259,56313,0,10931,80000,4.44978139761541
590,2017,Malaysia,MYS,103837,47509,0,10068,80000,5.81272240983328
591,2018,Malaysia,MYS,121305,41801,0,9631,80000,4.84305660969693
592,2019,Malaysia,MYS,129107,50730,0,108332,55000,4.43947128759625
593,2020,Malaysia,MYS,129909,49822,0,111298,0,-5.64694483644712
594,2021,Malaysia,MYS,131101,52012,0,112003,0,
595,2016,Mali,MLI,17510,299,36690,0,0,5.85229919941415
596,2017,Mali,MLI,17036,554,38172,0,0,5.30545608438166
597,2018,Mali,MLI,26538,917,120298,0,0,4.74648432724561
598,2019,Mali,MLI,26672,1004,207751,0,0,4.75616080770808
599,2020,Mali,MLI,47380,969,332957,0,0,-1.235450447077
600,2021,Mali,MLI,46885,1005,386454,0,0,
601,2016,Malta,MLT,7941,868,0,0,0,4.09091742885326
602,2017,Malta,MLT,7994,1349,0,11,0,8.11942528928094
603,2018,Malta,MLT,8579,1860,0,11,0,5.17922479608157
604,2019,Malta,MLT,8908,3793,0,0,0,5.53956633683224
605,2020,Malta,MLT,9168,4047,0,11,0,-7.00112961514149
606,2021,Malta,MLT,9260,3088,0,11,0,
607,2016,Mauritania,MRT,74147,573,0,0,0,1.26090922448303
608,2017,Mauritania,MRT,77425,746,0,0,0,6.27054569386574
609,2018,Mauritania,MRT,83184,1126,0,0,0,4.52674622501065
610,2019,Mauritania,MRT,84901,1540,0,0,0,5.75993058973705
611,2020,Mauritania,MRT,93608,1960,0,0,0,-1.76332179417277
612,2021,Mauritania,MRT,99057,2768,0,0,0,
613,2016,Mauritius,MUS,0,5,0,0,0,3.83793265409193
614,2017,Mauritius,MUS,5,0,0,0,0,3.81415210844426
615,2018,Mauritius,MUS,16,0,0,0,0,3.75967722730337
616,2019,Mauritius,MUS,20,5,0,0,0,3.01237590269628
617,2020,Mauritius,MUS,20,0,0,0,0,-14.8946875651821
618,2021,Mauritius,MUS,20,0,0,0,0,
619,2016,Mexico,MEX,6178,2636,0,13,0,2.63053242455089
620,2017,Mexico,MEX,8993,10357,0,13,0,2.11312913549695
621,2018,Mexico,MEX,16530,23833,0,13,82993,2.19499472522698
622,2019,Mexico,MEX,28517,70319,0,13,140710,-0.176599456271802
623,2020,Mexico,MEX,45434,83792,0,13,73635,-8.30903465889521
624,2021,Mexico,MEX,58050,114536,0,13,78547,
625,2016,Micronesia (Federated States of),FSM,5,0,0,0,0,
626,2016,Monaco,MCO,27,0,0,0,0,3.45155104747225
627,2017,Monaco,MCO,25,0,0,0,0,-3.50096142186499
628,2018,Monaco,MCO,25,0,0,0,0,5.95627041970343
629,2019,Monaco,MCO,22,0,0,0,0,6.90566549200324
630,2020,Monaco,MCO,22,0,0,0,0,-11.7527733755943
631,2021,Monaco,MCO,22,0,0,0,0,
632,2016,Mongolia,MNG,10,0,0,14,0,1.48978448504865
633,2017,Mongolia,MNG,5,5,0,17,5,5.63687638962695
634,2018,Mongolia,MNG,5,0,0,17,5,7.7448806201857
635,2019,Mongolia,MNG,0,5,0,17,10,5.60224421870959
636,2020,Mongolia,MNG,0,10,0,0,8,-4.55775197337685
637,2021,Mongolia,MNG,0,0,0,17,11,
638,2016,Montenegro,MNE,970,73,0,3237,11451,2.94928032097511
639,2017,Montenegro,MNE,794,173,0,145,11703,4.71646527572034
640,2018,Montenegro,MNE,727,162,0,145,12293,5.0778888113381
641,2019,Montenegro,MNE,653,485,0,142,12275,4.06294499167197
642,2020,Montenegro,MNE,166,193,0,472,1094,-15.3068937570407
643,2021,Montenegro,MNE,172,139,0,458,1094,
644,2016,Morocco,MAR,4762,1943,0,0,0,1.05985639008179
645,2017,Morocco,MAR,4703,2050,0,0,0,4.25460327324099
646,2018,Morocco,MAR,5932,1829,0,0,0,3.148502655914
647,2019,Morocco,MAR,6642,3313,0,0,0,2.60793549462446
648,2020,Morocco,MAR,6505,7011,0,0,0,-6.29325315954672
649,2021,Morocco,MAR,6920,8023,0,0,0,
650,2016,Mozambique,MOZ,4663,12976,15128,0,0,3.82421431921188
651,2017,Mozambique,MOZ,4876,18795,15128,0,0,3.74131759312564
652,2018,Mozambique,MOZ,4910,21133,0,0,0,3.44381383971462
653,2019,Mozambique,MOZ,4713,20975,180516,0,0,2.31460601020051
654,2020,Mozambique,MOZ,4757,22442,668038,0,0,-1.23390571070034
655,2021,Mozambique,MOZ,4768,23400,788091,0,0,
656,2016,Myanmar,MMR,0,0,375016,925939,0,10.5077807807102
657,2017,Myanmar,MMR,0,0,353108,621514,0,5.75006450029507
658,2018,Myanmar,MMR,0,0,370306,620939,0,6.404977325147
659,2019,Myanmar,MMR,0,0,312018,600000,0,6.7504601462238
660,2020,Myanmar,MMR,0,0,370320,600000,0,3.17377440041078
661,2021,Myanmar,MMR,0,0,569591,600000,0,
662,2016,Namibia,NAM,1747,1664,0,0,48,0.0337944502063294
663,2017,Namibia,NAM,2182,1889,0,0,7,-1.02725082701774
664,2018,Namibia,NAM,2394,1516,0,0,7,1.05994347072928
665,2019,Namibia,NAM,3182,1906,0,0,7,-0.888099159557285
666,2020,Namibia,NAM,3578,2214,0,0,7,-8.50014903765293
667,2021,Namibia,NAM,3537,2265,0,0,0,
668,2016,Nauru,NRU,508,309,0,0,0,3.57142857142858
669,2017,Nauru,NRU,964,126,0,0,0,-5.74712643678161
670,2018,Nauru,NRU,964,416,0,0,0,6.09756097560977
671,2019,Nauru,NRU,755,415,0,0,0,0.0
672,2020,Nauru,NRU,1074,90,0,142,0,1.14942528735634
673,2021,Nauru,NRU,964,77,0,133,6,
674,2016,Nepal,NPL,25249,71,0,0,849,0.433113719381524
675,2017,Nepal,NPL,21467,148,0,0,625,8.97727935643466
676,2018,Nepal,NPL,20804,51,0,0,542,7.62237610539864
677,2019,Nepal,NPL,19570,57,0,0,534,6.65705542802834
678,2020,Nepal,NPL,19555,42,0,371,560,-2.08837869543885
679,2021,Nepal,NPL,19552,64,0,395,553,
680,2016,Netherlands,NLD,101727,10369,0,1951,0,2.19171371926123
681,2017,Netherlands,NLD,103843,5818,0,1951,0,2.91090251315005
682,2018,Netherlands,NLD,101824,12303,0,1951,0,2.36091509478513
683,2019,Netherlands,NLD,94417,15599,0,1951,0,1.95558841574046
684,2020,Netherlands,NLD,95898,11882,0,2006,0,-3.79863599268334
685,2021,Netherlands,NLD,97621,7391,0,2087,0,
686,2016,New Zealand,NZL,1408,298,0,0,0,3.73007989347536
687,2017,New Zealand,NZL,1465,391,0,0,0,3.61328155307372
688,2018,New Zealand,NZL,1545,446,0,0,0,3.20574787992723
689,2019,New Zealand,NZL,1709,558,0,0,0,1.63393261347822
690,2020,New Zealand,NZL,1748,691,0,0,0,1.86285153314982
691,2021,New Zealand,NZL,1785,662,0,0,0,
692,2016,Nicaragua,NIC,325,338,0,0,0,4.56295442923394
693,2017,Nicaragua,NIC,322,407,0,0,0,4.63253398090997
694,2018,Nicaragua,NIC,321,126,0,0,357,-3.36368764606334
695,2019,Nicaragua,NIC,322,126,0,0,510,-3.67479457842713
696,2020,Nicaragua,NIC,311,126,0,0,563,-1.97732939329578
697,2021,Nicaragua,NIC,311,126,0,0,574,
698,2016,Niger,NER,166089,61,121391,0,14678,5.74089315058157
699,2017,Niger,NER,165729,278,129015,0,14820,5.00135994506591
700,2018,Niger,NER,175413,3547,156137,0,27142,7.21080300824623
701,2019,Niger,NER,179997,38077,191902,0,32072,5.94139686297071
702,2020,Niger,NER,233293,3285,298458,0,38127,3.58000640281861
703,2021,Niger,NER,245449,3102,319895,0,43112,
704,2016,Nigeria,NGA,1357,464,2219272,0,0,-1.61686894991816
705,2017,Nigeria,NGA,1910,8650,1704080,0,0,0.805886619542704
706,2018,Nigeria,NGA,34727,940,2167925,0,0,1.92275734157302
707,2019,Nigeria,NGA,54157,1033,2195779,0,0,2.2084292771582
708,2020,Nigeria,NGA,66056,2787,2610278,0,0,-1.79425308233591
709,2021,Nigeria,NGA,71362,1677,2762562,0,0,
710,2016,North Macedonia,MKD,634,15,0,600,0,2.84820519363306
711,2017,North Macedonia,MKD,414,26,0,590,0,1.08177273813243
712,2018,North Macedonia,MKD,413,5,0,571,0,2.88059670964267
713,2019,North Macedonia,MKD,354,75,0,567,0,3.91041953840173
714,2020,North Macedonia,MKD,304,21,0,558,0,-5.20844405705904
715,2021,North Macedonia,MKD,296,17,0,553,2882,
716,2016,Norway,NOR,59512,7505,0,3251,0,1.07155897720727
717,2017,Norway,NOR,59230,2952,0,3282,0,2.32329020838249
718,2018,Norway,NOR,57004,2246,0,2809,0,1.11882847945122
719,2019,Norway,NOR,53882,1540,0,2272,0,0.745798219243483
720,2020,Norway,NOR,49653,1083,0,4206,0,-0.717182669244792
721,2021,Norway,NOR,47710,873,0,4154,0,
722,2016,Oman,OMN,316,365,0,0,0,5.04642394571691
723,2017,Oman,OMN,308,398,0,0,0,0.304057565922449
724,2018,Oman,OMN,310,254,0,0,0,1.28710391543288
725,2019,Oman,OMN,308,254,0,0,0,-1.12920645748066
726,2020,Oman,OMN,308,330,0,0,0,-3.2009359899042
727,2021,Oman,OMN,307,330,0,0,0,
728,2016,Pakistan,PAK,1352551,4854,448956,0,0,5.52673584474448
729,2017,Pakistan,PAK,1393132,3487,174354,0,0,5.55427743729406
730,2018,Pakistan,PAK,1404008,5170,96384,0,0,5.83641749754401
731,2019,Pakistan,PAK,1419596,8546,100680,0,0,1.14474960525021
732,2020,Pakistan,PAK,1438940,9794,98898,47,62,-0.935389532589809
733,2021,Pakistan,PAK,1438523,10192,98898,47,72,
734,2016,Panama,PAN,17332,4465,0,0,0,4.95343493687773
735,2017,Panama,PAN,2417,7289,0,0,48900,5.59132827378306
736,2018,Panama,PAN,2501,13602,0,0,0,3.68534434861736
737,2019,Panama,PAN,2536,17673,0,0,0,2.97971546082071
738,2020,Panama,PAN,2562,12892,0,0,0,-17.9448639999999
739,2021,Panama,PAN,2542,11630,0,0,0,
740,2016,Papua New Guinea,PNG,9529,16,0,0,0,5.48957315278187
741,2017,Papua New Guinea,PNG,10018,0,0,0,0,3.53461081750459
742,2018,Papua New Guinea,PNG,10022,151,0,0,0,-0.279252284959952
743,2019,Papua New Guinea,PNG,9698,132,0,0,0,4.48043060824274
744,2020,Papua New Guinea,PNG,10781,108,14000,10,0,-3.50000000000009
745,2021,Papua New Guinea,PNG,11862,104,14000,9,0,
746,2016,Paraguay,PRY,199,31,0,0,0,4.26802583314583
747,2017,Paraguay,PRY,200,69,0,0,0,4.81007885554041
748,2018,Paraguay,PRY,260,350,0,0,0,3.20425034076639
749,2019,Paraguay,PRY,1014,680,0,0,0,-0.40185510068001
750,2020,Paraguay,PRY,1686,1452,0,0,0,-0.565695446951935
751,2021,Paraguay,PRY,3041,1102,0,0,0,
752,2016,Peru,PER,1615,4368,0,0,0,3.95331871520767
753,2017,Peru,PER,1788,37728,0,0,31224,2.51883544233135
754,2018,Peru,PER,2506,230845,0,0,0,3.96915687018075
755,2019,Peru,PER,2850,487049,0,0,0,2.2039747486556
756,2020,Peru,PER,4272,537552,0,0,500353,-11.1488118768393
757,2021,Peru,PER,4895,536779,0,0,500353,
758,2016,Philippines,PHL,392,205,87418,4636,68,7.1494567495987
759,2017,Philippines,PHL,512,210,311943,2678,68,6.93098832586378
760,2018,Philippines,PHL,631,238,77651,1068,68,6.34148557148761
761,2019,Philippines,PHL,680,319,178897,383,129734,6.11852566256255
762,2020,Philippines,PHL,709,397,150368,388,129513,-9.57302987461006
763,2021,Philippines,PHL,794,519,120640,392,129372,
764,2016,Poland,POL,11738,3412,0,10825,0,3.14172577829697
765,2017,Poland,POL,12225,2878,0,10825,0,4.8306560054433
766,2018,Poland,POL,12495,3059,0,10825,0,5.35370335471698
767,2019,Poland,POL,12658,4783,0,1328,0,4.74495015589534
768,2020,Poland,POL,2771,3602,0,1390,0,-2.5406586820496
769,2021,Poland,POL,3166,3937,0,1389,0,
770,2016,Portugal,PRT,1189,850,0,14,0,2.01948539561312
771,2017,Portugal,PRT,1619,45,0,14,0,3.5063452848124
772,2018,Portugal,PRT,2130,85,0,14,0,2.84932593436179
773,2019,Portugal,PRT,2375,1057,0,14,0,2.68275992118076
774,2020,Portugal,PRT,2405,1154,0,45,14,-8.44245642824731
775,2021,Portugal,PRT,2650,303,0,45,14,
776,2016,Qatar,QAT,176,143,0,1200,0,3.06419188430156
777,2017,Qatar,QAT,188,123,0,1200,0,-1.49760470227838
778,2018,Qatar,QAT,189,91,0,1200,0,1.23487220191065
779,2019,Qatar,QAT,202,99,0,1200,0,0.688240959581606
780,2020,Qatar,QAT,201,243,0,1200,0,-3.55760399909461
781,2021,Qatar,QAT,200,243,0,1200,0,
782,2016,Rep. of Korea,KOR,1798,6835,0,197,0,
783,2017,Rep. of Korea,KOR,2238,9559,0,197,0,
784,2018,Rep. of Korea,KOR,2890,19827,0,197,0,
785,2019,Rep. of Korea,KOR,3196,25562,0,197,0,
786,2020,Rep. of Korea,KOR,3443,20073,0,204,0,
787,2021,Rep. of Korea,KOR,3503,14107,0,204,0,
788,2016,Rep. of Moldova,MDA,419,75,0,4776,0,
789,2017,Rep. of Moldova,MDA,391,61,0,4569,0,
790,2018,Rep. of Moldova,MDA,409,93,0,4451,0,
791,2019,Rep. of Moldova,MDA,417,94,0,3500,0,
792,2020,Rep. of Moldova,MDA,405,59,0,3405,0,
793,2021,Rep. of Moldova,MDA,405,42,0,3372,0,
794,2016,Romania,ROU,2880,72,0,249,0,4.70299774749441
795,2017,Romania,ROU,3911,1514,0,238,0,7.31944852925453
796,2018,Romania,ROU,4134,1476,0,227,0,4.47452377497343
797,2019,Romania,ROU,3860,916,0,192,0,4.18826034117856
798,2020,Romania,ROU,3581,2242,0,277,183,-3.93045405715536
799,2021,Romania,ROU,3776,1723,0,314,181,
800,2016,Russian Federation,RUS,228981,3025,0,90771,0,0.193690071729534
801,2017,Russian Federation,RUS,126021,2168,0,82148,0,1.82579006355112
802,2018,Russian Federation,RUS,77382,1361,0,75679,0,2.80724541049418
803,2019,Russian Federation,RUS,42413,1445,0,68209,0,2.03298273919678
804,2020,Russian Federation,RUS,20260,813,0,60185,0,-2.95127389914892
805,2021,Russian Federation,RUS,15052,1091,0,56960,0,
806,2016,Rwanda,RWA,156065,456,0,0,1444,5.97074429808526
807,2017,Rwanda,RWA,170991,438,0,0,1844,3.97628969448469
808,2018,Rwanda,RWA,145359,423,0,0,3734,8.57942454050658
809,2019,Rwanda,RWA,145054,613,0,0,5323,9.46068248236998
810,2020,Rwanda,RWA,139491,465,0,0,13640,-3.35547212198846
811,2021,Rwanda,RWA,122806,228,0,9500,13425,
812,2017,Saint Kitts and Nevis,KNA,0,5,0,0,0,
813,2018,Saint Kitts and Nevis,KNA,5,0,0,0,0,
814,2019,Saint Kitts and Nevis,KNA,5,0,0,0,0,
815,2020,Saint Kitts and Nevis,KNA,0,0,0,0,0,
816,2021,Saint Kitts and Nevis,KNA,0,0,0,0,0,
817,2019,Saint Vincent and the Grenadines,VCT,0,0,0,0,0,
818,2020,Saint Vincent and the Grenadines,VCT,0,0,0,0,0,
819,2021,Saint Vincent and the Grenadines,VCT,0,0,0,0,0,
820,2016,Samoa,WSM,5,0,0,0,0,8.12624935295858
821,2017,Samoa,WSM,5,0,0,0,0,1.04243371916148
822,2018,Samoa,WSM,5,0,0,0,0,-1.23316240720041
823,2016,Saudi Arabia,SAU,136,51,0,70000,0,1.67062475765871
824,2017,Saudi Arabia,SAU,153,82,0,70000,0,-0.74150265286427
825,2018,Saudi Arabia,SAU,263,2167,0,70000,0,2.43411078064224
826,2019,Saudi Arabia,SAU,315,2327,0,70000,0,0.331435728597114
827,2020,Saudi Arabia,SAU,330,9434,0,70000,0,-4.10658341325225
828,2021,Saudi Arabia,SAU,335,10116,0,70000,0,
829,2016,Senegal,SEN,14575,3213,0,0,0,6.35606857181878
830,2017,Senegal,SEN,14646,3368,0,0,0,7.4074861863013
831,2018,Senegal,SEN,14359,1699,0,0,0,6.20924103389086
832,2019,Senegal,SEN,14467,1791,0,0,0,4.40240683638351
833,2020,Senegal,SEN,14361,1913,0,0,0,1.49976342727345
834,2021,Senegal,SEN,14505,2005,0,0,0,
835,2016,Serbia and Kosovo: S/RES/1244 (1999),SRB,36518,122,219633,2373,0,
836,2017,Serbia and Kosovo: S/RES/1244 (1999),SRB,32206,137,217453,2155,0,
837,2018,Serbia and Kosovo: S/RES/1244 (1999),SRB,30946,217,215794,2052,0,
838,2019,Serbia and Kosovo: S/RES/1244 (1999),SRB,26427,267,214696,1951,5833,
839,2020,Serbia and Kosovo: S/RES/1244 (1999),SRB,26090,302,213018,2145,6514,
840,2021,Serbia and Kosovo: S/RES/1244 (1999),SRB,25641,220,211868,2113,3826,
841,2016,Sierra Leone,SLE,683,5,0,0,0,6.05547402877262
842,2017,Sierra Leone,SLE,678,0,0,0,0,4.19261007429208
843,2018,Sierra Leone,SLE,591,0,0,0,0,3.46460213996657
844,2019,Sierra Leone,SLE,441,0,0,0,0,5.25424120251536
845,2020,Sierra Leone,SLE,342,0,0,0,0,-1.96894782045837
846,2021,Sierra Leone,SLE,342,0,0,0,0,
847,2018,Singapore,SGP,0,0,0,1303,0,3.49746960110137
848,2019,Singapore,SGP,0,0,0,1303,0,1.34521748573569
849,2020,Singapore,SGP,0,0,0,1109,0,-5.39102140610559
850,2021,Singapore,SGP,0,0,0,1109,0,
851,2016,Sint Maarten (Dutch part),SXM,5,5,0,0,0,0.499999999999986
852,2017,Sint Maarten (Dutch part),SXM,5,0,0,0,0,-5.80000000000001
853,2018,Sint Maarten (Dutch part),SXM,5,0,0,0,0,-6.59999999999987
854,2019,Sint Maarten (Dutch part),SXM,5,5,0,0,0,
855,2020,Sint Maarten (Dutch part),SXM,0,8,0,0,0,
856,2021,Sint Maarten (Dutch part),SXM,0,9,0,0,0,
857,2016,Slovakia,SVK,980,38,0,1523,46,
858,2017,Slovakia,SVK,912,26,0,1523,10,
859,2018,Slovakia,SVK,938,17,0,1523,0,
860,2019,Slovakia,SVK,965,5,0,1523,0,
861,2020,Slovakia,SVK,1006,44,0,1532,0,
862,2021,Slovakia,SVK,1012,53,0,1532,0,
863,2016,Slovenia,SVN,454,309,0,5,0,3.19185251782498
864,2017,Slovenia,SVN,611,264,0,5,0,4.81538063231366
865,2018,Slovenia,SVN,746,245,0,5,0,4.4225215682918
866,2019,Slovenia,SVN,741,315,0,5,0,3.25053133558204
867,2020,Slovenia,SVN,823,277,0,8,5,-4.22926138908075
868,2021,Slovenia,SVN,833,253,0,0,57,
869,2018,Solomon Islands,SLB,0,5,0,0,0,3.94424954963497
870,2016,Somalia,SOM,11579,12792,1562554,0,130,8.39934578091814
871,2017,Somalia,SOM,14565,14706,2116705,0,129,2.59256022341189
872,2018,Somalia,SOM,16738,16361,2648001,0,380,7.67887980204993
873,2019,Somalia,SOM,17882,17793,2648000,0,152,8.08144002189277
874,2020,Somalia,SOM,11220,13229,2967500,0,8,2.44021097265804
875,2021,Somalia,SOM,11959,13536,2967500,0,13,
876,2016,South Africa,ZAF,91018,218275,0,0,0,0.664552307858116
877,2017,South Africa,ZAF,88694,191333,0,0,0,1.15794695181735
878,2018,South Africa,ZAF,89285,184193,0,0,0,1.48761737271568
879,2019,South Africa,ZAF,78395,188235,0,0,0,0.113053696742199
880,2020,South Africa,ZAF,76729,173461,0,0,0,-6.43197482605483
881,2021,South Africa,ZAF,76729,173461,0,0,0,
882,2016,South Sudan,SSD,262558,1790,1853924,0,0,
883,2017,South Sudan,SSD,283405,1895,1903953,0,10000,
884,2018,South Sudan,SSD,291838,2535,1878154,0,10000,
885,2019,South Sudan,SSD,298309,3678,1665815,0,10000,
886,2020,South Sudan,SSD,314438,3763,1600254,10000,250000,
887,2021,South Sudan,SSD,320879,3961,1710966,10000,250000,
888,2016,Spain,ESP,12983,20360,0,1011,0,3.03130132981933
889,2017,Spain,ESP,17541,34866,0,1596,0,2.97364119053731
890,2018,Spain,ESP,20437,78685,0,2455,0,2.28878567617447
891,2019,Spain,ESP,57751,133030,0,4246,0,2.08519142117105
892,2020,Spain,ESP,103624,103385,0,5914,5904,-10.8228864939664
893,2021,Spain,ESP,115258,91585,0,6092,6081,
894,2016,Sri Lanka,LKA,602,573,39730,0,0,4.48663453096836
895,2017,Sri Lanka,LKA,820,629,39322,0,0,3.5781696792194
896,2018,Sri Lanka,LKA,796,744,35473,0,0,3.27200047854103
897,2019,Sri Lanka,LKA,1041,361,25110,0,0,2.25517652855038
898,2020,Sri Lanka,LKA,1008,224,25013,35,0,-3.5690761372374
899,2021,Sri Lanka,LKA,952,211,11273,0,0,
900,2016,Sudan,SDN,421459,16056,2225557,0,3758,3.46764218409288
901,2017,Sudan,SDN,906590,18212,1997022,0,3873,0.70925628476644
902,2018,Sudan,SDN,1078280,17619,1864195,0,3725,-2.6809305497999
903,2019,Sudan,SDN,1055489,15748,1885782,0,3691,-2.17825104530091
904,2020,Sudan,SDN,1040288,16023,2552174,0,3698,-3.62980562615675
905,2021,Sudan,SDN,1068339,25102,2552174,0,3829,
906,2016,Suriname,SUR,0,43,0,0,0,-4.91578646874108
907,2017,Suriname,SUR,34,67,0,0,0,1.56719106520956
908,2018,Suriname,SUR,41,206,0,0,0,4.94827076559268
909,2019,Suriname,SUR,44,1426,0,0,0,1.09846777827852
910,2020,Suriname,SUR,19,1988,0,0,0,-15.9079511896139
911,2021,Suriname,SUR,19,2018,0,0,0,
912,2016,Sweden,SWE,230158,83040,0,36036,0,2.07059315052096
913,2017,Sweden,SWE,240954,51588,0,35101,0,2.56792452526476
914,2018,Sweden,SWE,248210,37892,0,31819,0,1.95002284569983
915,2019,Sweden,SWE,253787,28591,0,30305,0,1.98619587380391
916,2020,Sweden,SWE,248370,18603,0,50414,0,-2.94812787928382
917,2021,Sweden,SWE,244942,14472,0,50098,0,
918,2016,Switzerland,CHE,82668,30778,0,66,0,2.04518646926613
919,2017,Switzerland,CHE,93030,23728,0,62,0,1.58481961645738
920,2018,Switzerland,CHE,104011,14776,0,49,0,2.91690509826611
921,2019,Switzerland,CHE,110162,11200,0,0,0,1.21099220711962
922,2020,Switzerland,CHE,115798,6547,0,710,60,-2.39282604159746
923,2021,Switzerland,CHE,117169,5612,0,684,60,
924,2016,Syrian Arab Rep.,SYR,19807,12484,6325978,160000,13628,
925,2017,Syrian Arab Rep.,SYR,19425,18098,6150005,160000,11213,
926,2018,Syrian Arab Rep.,SYR,18817,18631,6183920,160000,7879,
927,2019,Syrian Arab Rep.,SYR,16213,12106,6146994,160000,30971,
928,2020,Syrian Arab Rep.,SYR,15304,8769,6701972,160000,30846,
929,2021,Syrian Arab Rep.,SYR,15362,8761,6786846,160000,30367,
930,2016,Tajikistan,TJK,2724,431,0,17002,0,6.89999961998744
931,2017,Tajikistan,TJK,2521,440,0,10500,0,7.100001403137
932,2018,Tajikistan,TJK,2654,315,0,4616,0,7.59999938722835
933,2019,Tajikistan,TJK,3788,1413,0,7151,0,7.39999963813631
934,2020,Tajikistan,TJK,5578,408,0,6385,0,4.49999951669761
935,2021,Tajikistan,TJK,6780,2519,0,6141,0,
936,2016,Thailand,THA,106431,4986,0,487741,261,3.43515771692182
937,2017,Thailand,THA,104605,2046,0,486440,109,4.1776810321001
938,2018,Thailand,THA,102234,934,0,478843,98,4.18958549566707
939,2019,Thailand,THA,97556,855,0,475009,119,2.26643367175595
940,2020,Thailand,THA,96179,852,0,480696,146,-6.09898384267129
941,2021,Thailand,THA,96175,756,0,554103,132,
942,2016,Togo,TGO,12486,777,0,0,0,5.55907930535146
943,2017,Togo,TGO,12425,744,0,0,0,4.34774823822544
944,2018,Togo,TGO,12335,694,0,0,0,4.97621309973984
945,2019,Togo,TGO,11964,692,0,0,0,5.45992144835783
946,2020,Togo,TGO,10798,660,0,0,0,1.75282496719069
947,2021,Togo,TGO,10831,710,0,0,0,
948,2016,Trinidad and Tobago,TTO,104,202,0,0,6,-5.60181813910879
949,2017,Trinidad and Tobago,TTO,282,1975,0,0,15,-2.98734019720676
950,2018,Trinidad and Tobago,TTO,784,9937,0,0,15,0.0660497745971185
951,2019,Trinidad and Tobago,TTO,2308,17364,0,0,200,-1.24642733552926
952,2020,Trinidad and Tobago,TTO,3179,19926,0,0,393,-7.85393994847536
953,2021,Trinidad and Tobago,TTO,3458,21089,0,0,389,
954,2016,Tunisia,TUN,646,30,0,0,5,1.11742585685852
955,2017,Tunisia,TUN,726,36,0,0,0,2.24420096790901
956,2018,Tunisia,TUN,1061,250,0,0,8,2.51090707193929
957,2019,Tunisia,TUN,1732,1635,0,0,17,1.40197667646078
958,2020,Tunisia,TUN,2580,3700,0,0,54,-9.18237259399903
959,2021,Tunisia,TUN,2678,5783,0,0,46,
960,2016,Turkey,TUR,2869419,245926,0,780,0,3.32308420845746
961,2017,Turkey,TUR,3480350,308838,0,117,0,7.50199748917491
962,2018,Turkey,TUR,3681688,311699,0,117,0,2.97988523467896
963,2019,Turkey,TUR,3579531,328257,0,0,0,0.889585160591679
964,2020,Turkey,TUR,3652362,322188,0,0,0,1.79355139618684
965,2021,Turkey,TUR,3696831,322188,0,0,0,
966,2016,Turkmenistan,TKM,26,0,0,5744,0,6.1999999664301
967,2017,Turkmenistan,TKM,22,0,0,3851,0,6.50000004682975
968,2018,Turkmenistan,TKM,21,0,0,4714,0,6.19999994137119
969,2019,Turkmenistan,TKM,21,0,0,3688,0,6.3
970,2020,Turkmenistan,TKM,20,0,0,3924,0,
971,2021,Turkmenistan,TKM,20,0,0,4107,0,
972,2016,Turks and Caicos Islands,TCA,5,0,0,0,0,7.25118627570257
973,2017,Turks and Caicos Islands,TCA,5,0,0,0,0,-2.490222604148
974,2018,Turks and Caicos Islands,TCA,5,0,0,0,0,5.61095461704357
975,2019,Turks and Caicos Islands,TCA,5,0,0,0,0,5.32455729668722
976,2020,Turks and Caicos Islands,TCA,8,0,0,0,0,-26.7828754013661
977,2021,Turks and Caicos Islands,TCA,8,5,0,0,0,
978,2016,Uganda,UGA,940825,41872,0,0,180000,4.78100029144677
979,2017,Uganda,UGA,1350495,44635,0,0,180000,3.13140551785879
980,2018,Uganda,UGA,1165646,25269,0,0,180000,6.30392378090806
981,2019,Uganda,UGA,1359458,21804,0,0,2304506,6.43874503365606
982,2020,Uganda,UGA,1421133,25236,0,0,2351313,2.9513064215777
983,2021,Uganda,UGA,1475311,23126,0,0,2509400,
984,2016,Ukraine,UKR,3292,6536,1800000,35363,0,2.4409819445784
985,2017,Ukraine,UKR,3241,6210,1800000,35294,0,2.35997228099491
986,2018,Ukraine,UKR,2606,6389,1500002,35650,0,3.4883623420827
987,2019,Ukraine,UKR,2166,2400,734000,35642,1680000,3.19950386231294
988,2020,Ukraine,UKR,2249,2359,734000,35875,1620000,-4.00000610071135
989,2021,Ukraine,UKR,2310,2621,734000,35875,1620000,
990,2016,United Arab Emirates,ARE,888,605,0,0,0,2.98421609131721
991,2017,United Arab Emirates,ARE,884,1882,0,0,10,2.37355105709227
992,2018,United Arab Emirates,ARE,1167,6500,0,0,97,1.18985564163665
993,2019,United Arab Emirates,ARE,1242,7266,0,0,130,3.41153868634566
994,2020,United Arab Emirates,ARE,1315,7229,0,5,127,-6.13450080253007
995,2021,United Arab Emirates,ARE,1296,7238,0,5,125,
996,2016,United Kingdom of Great Britain and Northern Ireland,GBR,118973,43496,0,64,0,
997,2017,United Kingdom of Great Britain and Northern Ireland,GBR,121821,40354,0,97,0,
998,2018,United Kingdom of Great Britain and Northern Ireland,GBR,126708,45234,0,125,0,
999,2019,United Kingdom of Great Britain and Northern Ireland,GBR,133083,61947,0,161,0,
1000,2020,United Kingdom of Great Britain and Northern Ireland,GBR,132304,77245,0,4662,209,
1001,2021,United Kingdom of Great Britain and Northern Ireland,GBR,135912,83489,0,3968,209,
1002,2016,United Rep. of Tanzania,TZA,281498,8539,0,0,168785,
1003,2017,United Rep. of Tanzania,TZA,308528,44172,0,0,168581,
1004,2018,United Rep. of Tanzania,TZA,278322,39659,0,0,19024,
1005,2019,United Rep. of Tanzania,TZA,242171,32028,0,0,23861,
1006,2020,United Rep. of Tanzania,TZA,234645,28748,0,0,23920,
1007,2021,United Rep. of Tanzania,TZA,202635,27829,0,0,22566,
1008,2016,United States of America,USA,272963,439864,0,0,0,
1009,2017,United States of America,USA,287135,642719,0,0,0,
1010,2018,United States of America,USA,313242,718992,0,0,0,
1011,2019,United States of America,USA,341715,847608,0,0,0,
1012,2020,United States of America,USA,340846,997996,0,47,0,
1013,2021,United States of America,USA,337870,1247223,0,47,0,
1014,2016,Uruguay,URY,299,352,0,0,0,1.68979816429228
1015,2017,Uruguay,URY,334,2089,0,0,6157,1.62775397322494
1016,2018,Uruguay,URY,379,6404,0,0,0,0.477907183899063
1017,2019,Uruguay,URY,498,13742,0,0,0,0.350447153086122
1018,2020,Uruguay,URY,664,10631,0,0,0,-5.85872124345026
1019,2021,Uruguay,URY,747,12070,0,5,0,
1020,2016,Uzbekistan,UZB,26,0,0,86524,0,5.93215079992144
1021,2017,Uzbekistan,UZB,20,0,0,85555,0,4.39527463345708
1022,2018,Uzbekistan,UZB,13,0,0,79942,0,5.35499688821734
1023,2019,Uzbekistan,UZB,13,0,0,97346,0,5.7096322218392
1024,2020,Uzbekistan,UZB,13,0,0,69791,0,1.71477057564864
1025,2021,Uzbekistan,UZB,13,0,0,59136,0,
1026,2021,Vanuatu,VUT,0,5,0,0,0,
1027,2016,Venezuela (Bolivarian Republic of),VEN,172047,900,0,0,0,
1028,2017,Venezuela (Bolivarian Republic of),VEN,122804,904,0,0,0,
1029,2018,Venezuela (Bolivarian Republic of),VEN,67283,142,0,0,0,
1030,2019,Venezuela (Bolivarian Republic of),VEN,67749,49,0,0,494503,
1031,2020,Venezuela (Bolivarian Republic of),VEN,68089,284,0,0,1112517,
1032,2021,Venezuela (Bolivarian Republic of),VEN,68139,520,0,0,1018709,
1033,2016,Viet Nam,VNM,0,0,0,11000,0,
1034,2017,Viet Nam,VNM,0,0,0,29522,0,
1035,2018,Viet Nam,VNM,0,0,0,34110,0,
1036,2019,Viet Nam,VNM,0,0,0,30581,0,
1037,2020,Viet Nam,VNM,0,0,0,32890,0,
1038,2021,Viet Nam,VNM,0,0,0,30581,0,
1039,2016,Yemen,YEM,269778,9088,2025060,0,10,
1040,2017,Yemen,YEM,270913,9763,2014062,0,15,
1041,2018,Yemen,YEM,264359,8805,2144719,0,10,
1042,2019,Yemen,YEM,268503,11325,3625716,0,15,
1043,2020,Yemen,YEM,166906,10693,4002012,0,15,
1044,2021,Yemen,YEM,129001,11788,4042836,0,15,
1045,2016,Zambia,ZMB,29338,3318,0,0,24540,3.77667914626731
1046,2017,Zambia,ZMB,41266,4675,0,0,22394,3.50433609558682
1047,2018,Zambia,ZMB,49877,3300,0,0,22842,4.03449389667165
1048,2019,Zambia,ZMB,57518,5081,0,0,23275,1.44130602603785
1049,2020,Zambia,ZMB,66070,4293,0,0,24203,-2.78505506545167
1050,2021,Zambia,ZMB,70837,4579,0,0,24560,
1051,2016,Zimbabwe,ZWE,7423,948,0,0,1671,0.0
1052,2017,Zimbabwe,ZWE,7566,8392,0,0,2859,0.0
1053,2018,Zimbabwe,ZWE,7795,10207,0,0,853,0.0
1054,2019,Zimbabwe,ZWE,8956,11532,270000,0,957,0.0
1055,2020,Zimbabwe,ZWE,9261,11929,0,0,967,0.0
1056,2021,Zimbabwe,ZWE,9467,12101,0,0,985,
