,Year,Country of asylum,Country of asylum (ISO),Refugees under UNHCR's mandate,Asylum-seekers,IDPs of concern to UNHCR,Stateless persons,Others of concern
0,2016,Afghanistan,AFG,59770,123,1797551,0,114221
175,2017,Afghanistan,AFG,75927,215,1837079,0,448032
349,2018,Afghanistan,AFG,72228,281,2106893,0,489854
525,2019,Afghanistan,AFG,72227,247,2553390,0,447093
701,2020,Afghanistan,AFG,72278,167,2886317,0,82595
878,2021,Afghanistan,AFG,72226,187,3204805,0,84742
1,2016,Albania,ALB,141,2750,0,4921,0
176,2017,Albania,ALB,124,32,0,4460,2719
350,2018,Albania,ALB,132,159,0,4160,76
526,2019,Albania,ALB,120,5,0,3687,153
702,2020,Albania,ALB,105,0,0,1031,10
879,2021,Albania,ALB,107,0,0,1528,1083
2,2016,Algeria,DZA,94220,5700,0,0,0
177,2017,Algeria,DZA,94248,6353,0,0,0
351,2018,Algeria,DZA,94341,8910,0,0,0
527,2019,Algeria,DZA,98599,1725,0,0,0
703,2020,Algeria,DZA,97651,2124,0,0,0
880,2021,Algeria,DZA,97810,2282,0,0,0
3,2016,Angola,AGO,15547,30131,0,0,0
178,2017,Angola,AGO,41119,30131,0,0,0
352,2018,Angola,AGO,39856,30128,0,0,0
528,2019,Angola,AGO,25793,30178,0,0,61
704,2020,Angola,AGO,25791,30278,0,0,61
881,2021,Angola,AGO,25931,30282,0,0,198
529,2019,Anguilla,AIA,0,0,0,0,0
705,2020,Anguilla,AIA,0,0,0,0,0
882,2021,Anguilla,AIA,0,0,0,0,0
4,2016,Antigua and Barbuda,ATG,5,0,0,0,0
5,2016,Argentina,ARG,3267,3917,0,0,181
179,2017,Argentina,ARG,3332,4111,0,0,56969
353,2018,Argentina,ARG,3442,6102,0,0,410
530,2019,Argentina,ARG,3857,7992,0,0,443
706,2020,Argentina,ARG,3965,9176,0,0,448
883,2021,Argentina,ARG,4007,10354,0,0,448
6,2016,Armenia,ARM,17883,73,0,512,0
180,2017,Armenia,ARM,17968,62,0,773,0
354,2018,Armenia,ARM,17966,105,0,848,0
531,2019,Armenia,ARM,17980,158,0,961,0
707,2020,Armenia,ARM,107910,136,0,1000,0
884,2021,Armenia,ARM,45415,127,0,892,0
7,2016,Aruba,ABW,0,5,0,0,0
181,2017,Aruba,ABW,0,147,0,0,0
355,2018,Aruba,ABW,0,407,0,0,0
532,2019,Aruba,ABW,0,406,0,0,0
708,2020,Aruba,ABW,0,0,0,0,13
885,2021,Aruba,ABW,0,0,0,0,29
8,2016,Australia,AUS,42187,29633,0,0,0
182,2017,Australia,AUS,48480,48029,0,52,0
356,2018,Australia,AUS,56934,60645,0,132,0
533,2019,Australia,AUS,58529,77363,0,0,0
709,2020,Australia,AUS,57411,80801,0,5221,46
886,2021,Australia,AUS,56229,79819,0,5770,2022
9,2016,Austria,AUT,93242,76382,0,937,0
183,2017,Austria,AUT,115252,56279,0,1003,0
357,2018,Austria,AUT,128779,37347,0,1062,0
534,2019,Austria,AUT,135951,29656,0,1132,0
710,2020,Austria,AUT,141816,20710,0,3267,0
887,2021,Austria,AUT,146025,18308,0,3229,0
10,2016,Azerbaijan,AZE,1193,255,613129,3585,0
184,2017,Azerbaijan,AZE,1120,124,612785,3585,0
358,2018,Azerbaijan,AZE,1130,209,620423,3585,0
535,2019,Azerbaijan,AZE,1109,181,652326,3585,0
711,2020,Azerbaijan,AZE,1572,48,653921,3585,0
888,2021,Azerbaijan,AZE,1603,42,653921,3585,0
11,2016,Bahamas,BHS,9,17,0,0,0
185,2017,Bahamas,BHS,8,15,0,0,0
359,2018,Bahamas,BHS,14,24,0,0,0
536,2019,Bahamas,BHS,10,13,0,0,0
712,2020,Bahamas,BHS,15,13,0,0,0
889,2021,Bahamas,BHS,20,8,0,0,0
12,2016,Bahrain,BHR,270,111,0,0,0
186,2017,Bahrain,BHR,255,111,0,0,0
360,2018,Bahrain,BHR,262,58,0,0,0
537,2019,Bahrain,BHR,251,58,0,0,0
713,2020,Bahrain,BHR,256,104,0,0,0
890,2021,Bahrain,BHR,251,107,0,0,0
13,2016,Bangladesh,BGD,276203,0,0,0,0
187,2017,Bangladesh,BGD,932209,115,0,932204,0
361,2018,Bangladesh,BGD,906640,39,0,906635,0
538,2019,Bangladesh,BGD,854779,34,0,854704,0
714,2020,Bangladesh,BGD,866534,18,0,866457,472000
891,2021,Bangladesh,BGD,889775,27,0,889704,472000
362,2018,Barbados,BRB,0,5,0,0,0
539,2019,Barbados,BRB,0,10,0,0,0
715,2020,Barbados,BRB,0,5,0,0,0
892,2021,Barbados,BRB,0,5,0,0,0
14,2016,Belarus,BLR,1647,228,0,6182,0
188,2017,Belarus,BLR,2155,273,0,6007,0
363,2018,Belarus,BLR,2225,184,0,6025,0
540,2019,Belarus,BLR,2725,131,0,6466,0
716,2020,Belarus,BLR,2900,143,0,6297,0
893,2021,Belarus,BLR,2924,136,0,6104,0
15,2016,Belgium,BEL,42158,24098,0,2630,0
189,2017,Belgium,BEL,42158,18760,0,7695,0
364,2018,Belgium,BEL,42158,19550,0,7695,0
541,2019,Belgium,BEL,61662,10862,0,10933,0
717,2020,Belgium,BEL,64973,29305,0,1264,940
894,2021,Belgium,BEL,65906,22516,0,1159,854
16,2016,Belize,BLZ,0,2427,0,0,1709
190,2017,Belize,BLZ,0,3120,0,0,2774
365,2018,Belize,BLZ,29,3305,0,0,2774
542,2019,Belize,BLZ,29,2144,0,0,3390
718,2020,Belize,BLZ,29,2249,0,0,3390
895,2021,Belize,BLZ,65,2157,0,0,3500
17,2016,Benin,BEN,804,224,0,0,0
191,2017,Benin,BEN,1056,262,0,0,0
366,2018,Benin,BEN,1167,308,0,0,0
543,2019,Benin,BEN,1238,373,0,0,0
719,2020,Benin,BEN,1396,464,0,0,0
896,2021,Benin,BEN,1427,501,0,0,0
18,2016,Bolivia (Plurinational State of),BOL,776,0,0,0,0
192,2017,Bolivia (Plurinational State of),BOL,802,34,0,0,0
367,2018,Bolivia (Plurinational State of),BOL,802,34,0,0,0
544,2019,Bolivia (Plurinational State of),BOL,863,242,0,0,0
720,2020,Bolivia (Plurinational State of),BOL,1116,157,0,0,0
897,2021,Bolivia (Plurinational State of),BOL,1116,35,0,0,0
19,2016,Bosnia and Herzegovina,BIH,5266,51,98324,49,52437
193,2017,Bosnia and Herzegovina,BIH,5224,223,98574,65,48907
368,2018,Bosnia and Herzegovina,BIH,5227,1003,96830,90,48907
545,2019,Bosnia and Herzegovina,BIH,5241,725,96421,75,53728
721,2020,Bosnia and Herzegovina,BIH,5232,256,96305,66,7645
898,2021,Bosnia and Herzegovina,BIH,416,177,96305,149,3516
20,2016,Botswana,BWA,2090,78,0,0,660
194,2017,Botswana,BWA,2116,65,0,0,293
369,2018,Botswana,BWA,2044,268,0,0,6
546,2019,Botswana,BWA,1113,150,0,0,6
722,2020,Botswana,BWA,617,422,0,0,6
899,2021,Botswana,BWA,644,73,0,0,11
21,2016,Brazil,BRA,9674,35451,0,5,22930
195,2017,Brazil,BRA,10260,85739,0,294,52341
370,2018,Brazil,BRA,11304,152670,0,0,0
547,2019,Brazil,BRA,32844,207294,0,7,0
723,2020,Brazil,BRA,59092,202661,0,14,0
900,2021,Brazil,BRA,60848,206000,0,14,0
901,2021,British Virgin Islands,VGB,0,0,0,0,0
22,2016,Brunei Darussalam,BRN,0,0,0,20524,0
196,2017,Brunei Darussalam,BRN,0,0,0,20524,0
371,2018,Brunei Darussalam,BRN,0,0,0,20863,0
548,2019,Brunei Darussalam,BRN,0,0,0,20863,0
724,2020,Brunei Darussalam,BRN,0,0,0,20863,0
902,2021,Brunei Darussalam,BRN,0,0,0,20863,0
23,2016,Bulgaria,BGR,17794,16030,0,67,0
197,2017,Bulgaria,BGR,19166,2712,0,48,0
372,2018,Bulgaria,BGR,19906,1560,0,92,0
549,2019,Bulgaria,BGR,20438,2060,0,116,0
725,2020,Bulgaria,BGR,21113,1938,0,1141,0
903,2021,Bulgaria,BGR,21770,1691,0,1143,0
24,2016,Burkina Faso,BFA,32551,126,0,0,0
198,2017,Burkina Faso,BFA,24152,43,2350,0,0
373,2018,Burkina Faso,BFA,25120,40,47030,0,0
550,2019,Burkina Faso,BFA,25869,29,560033,0,0
726,2020,Burkina Faso,BFA,20252,30,1074993,0,0
904,2021,Burkina Faso,BFA,22291,29,1312071,0,0
25,2016,Burundi,BDI,57462,3608,141221,974,649
199,2017,Burundi,BDI,62353,3551,57258,974,772
374,2018,Burundi,BDI,71501,5658,31909,974,787
551,2019,Burundi,BDI,78465,9090,33256,974,1904
727,2020,Burundi,BDI,75461,4914,21863,974,1977
905,2021,Burundi,BDI,76837,4929,19399,767,2179
26,2016,Cabo Verde,CPV,0,0,0,115,0
200,2017,Cabo Verde,CPV,0,0,0,115,0
375,2018,Cabo Verde,CPV,0,0,0,115,0
552,2019,Cabo Verde,CPV,0,0,0,115,0
728,2020,Cabo Verde,CPV,0,0,0,115,0
906,2021,Cabo Verde,CPV,0,0,0,115,0
27,2016,Cambodia,KHM,61,170,0,0,0
201,2017,Cambodia,KHM,61,44,0,0,0
376,2018,Cambodia,KHM,0,0,0,57444,0
553,2019,Cambodia,KHM,0,27,0,57444,0
729,2020,Cambodia,KHM,0,12,0,57444,0
907,2021,Cambodia,KHM,32,66,0,57444,0
28,2016,Cameroon,CMR,375413,3237,198889,0,28
202,2017,Cameroon,CMR,337382,5765,221695,0,38
377,2018,Cameroon,CMR,380327,8092,668494,0,25
554,2019,Cameroon,CMR,406259,10065,950263,0,20
730,2020,Cameroon,CMR,436396,6809,1032942,0,215
908,2021,Cameroon,CMR,446101,6059,1032942,0,1245
29,2016,Canada,CAN,97322,23946,0,0,0
203,2017,Canada,CAN,104768,51859,0,3790,0
378,2018,Canada,CAN,114101,78766,0,3790,0
555,2019,Canada,CAN,101757,97701,0,3790,0
731,2020,Canada,CAN,109214,85352,0,4139,0
909,2021,Canada,CAN,125427,73198,0,3823,0
30,2016,Cayman Islands,CYM,18,24,0,0,0
204,2017,Cayman Islands,CYM,29,28,0,0,0
379,2018,Cayman Islands,CYM,34,27,0,0,0
556,2019,Cayman Islands,CYM,34,14,0,0,0
732,2020,Cayman Islands,CYM,38,28,0,0,0
910,2021,Cayman Islands,CYM,43,30,0,0,0
31,2016,Central African Rep.,CAF,12117,310,411785,0,0
205,2017,Central African Rep.,CAF,10033,571,688700,0,0
380,2018,Central African Rep.,CAF,6652,397,640970,0,0
557,2019,Central African Rep.,CAF,7170,309,669906,0,0
733,2020,Central African Rep.,CAF,9083,285,681930,0,0
911,2021,Central African Rep.,CAF,9174,293,716678,0,0
32,2016,Chad,TCD,391235,1908,124342,0,36718
206,2017,Chad,TCD,411475,660,99983,0,99103
381,2018,Chad,TCD,451203,3467,165314,0,36718
558,2019,Chad,TCD,442670,3756,170278,0,122359
734,2020,Chad,TCD,478649,4568,336124,0,99765
912,2021,Chad,TCD,508304,4548,401511,0,107810
33,2016,Chile,CHL,1730,3218,0,0,0
207,2017,Chile,CHL,1861,8462,0,0,86687
382,2018,Chile,CHL,2026,11993,0,0,1989
559,2019,Chile,CHL,2046,8521,0,0,2073
735,2020,Chile,CHL,2053,8069,0,0,1866
913,2021,Chile,CHL,2060,6451,0,0,1881
34,2016,China,CHN,317254,647,0,0,0
208,2017,China,CHN,321714,691,0,0,0
383,2018,China,CHN,321758,583,0,0,0
560,2019,China,CHN,303379,644,0,0,0
736,2020,China,CHN,303405,743,0,0,0
914,2021,China,CHN,303430,704,0,0,0
35,2016,"China, Hong Kong SAR",HKG,91,0,0,0,0
209,2017,"China, Hong Kong SAR",HKG,85,5,0,0,0
384,2018,"China, Hong Kong SAR",HKG,128,0,0,0,0
561,2019,"China, Hong Kong SAR",HKG,128,0,0,0,0
737,2020,"China, Hong Kong SAR",HKG,241,0,0,0,0
915,2021,"China, Hong Kong SAR",HKG,265,0,0,0,0
36,2016,"China, Macao SAR",MAC,0,5,0,0,0
210,2017,"China, Macao SAR",MAC,0,5,0,0,0
37,2016,Colombia,COL,241,368,7410816,11,0
211,2017,Colombia,COL,260,525,7677609,11,68734
385,2018,Colombia,COL,294,2851,7816473,11,0
562,2019,Colombia,COL,634,9094,7976412,11,400000
738,2020,Colombia,COL,957,19933,8252788,11,1241889
916,2021,Colombia,COL,964,30599,8143758,11,1287450
38,2016,Congo,COG,46454,6672,15303,0,3155
212,2017,Congo,COG,48509,7092,107828,0,3862
386,2018,Congo,COG,37491,9176,138000,0,12399
563,2019,Congo,COG,25668,14417,134430,0,11770
739,2020,Congo,COG,27097,13622,134430,0,11920
917,2021,Congo,COG,38421,13651,134430,0,10098
39,2016,Costa Rica,CRI,4162,3626,0,127,0
213,2017,Costa Rica,CRI,4479,7428,0,71,0
387,2018,Costa Rica,CRI,4531,32595,0,82,40
564,2019,Costa Rica,CRI,6204,87470,0,231,69
740,2020,Costa Rica,CRI,9593,89744,0,199,0
918,2021,Costa Rica,CRI,9976,95275,0,205,72
40,2016,Cote d'Ivoire,CIV,1397,276,0,694000,118
214,2017,Cote d'Ivoire,CIV,1559,368,0,692000,165
388,2018,Cote d'Ivoire,CIV,1808,198,0,692000,104
565,2019,Cote d'Ivoire,CIV,2020,151,0,955399,65
741,2020,Cote d'Ivoire,CIV,2086,224,5394,954531,50
919,2021,Cote d'Ivoire,CIV,2119,223,0,952969,50
41,2016,Croatia,HRV,300,529,0,2873,14518
215,2017,Croatia,HRV,508,406,0,2873,8019
389,2018,Croatia,HRV,787,198,0,2886,4376
566,2019,Croatia,HRV,916,454,0,2886,4027
742,2020,Croatia,HRV,956,567,0,2898,2520
920,2021,Croatia,HRV,965,583,0,2910,1231
42,2016,Cuba,CUB,312,28,0,0,0
216,2017,Cuba,CUB,343,15,0,0,0
390,2018,Cuba,CUB,287,24,0,0,0
567,2019,Cuba,CUB,233,32,0,0,0
743,2020,Cuba,CUB,222,10,0,0,0
921,2021,Cuba,CUB,207,5,0,0,0
43,2016,Curacao ,CUW,53,55,0,0,0
217,2017,Curacao ,CUW,74,729,0,0,0
391,2018,Curacao ,CUW,99,342,0,0,0
568,2019,Curacao ,CUW,42,345,0,0,0
744,2020,Curacao ,CUW,68,318,0,0,0
922,2021,Curacao ,CUW,67,318,0,0,0
44,2016,Cyprus,CYP,8478,3049,0,0,6000
218,2017,Cyprus,CYP,9790,5216,0,0,6000
392,2018,Cyprus,CYP,11002,10267,0,0,6000
569,2019,Cyprus,CYP,12311,18799,0,0,4000
745,2020,Cyprus,CYP,13997,20483,0,56,4000
923,2021,Cyprus,CYP,15141,21919,0,66,4000
45,2016,Czechia,CZE,3640,769,0,1502,0
219,2017,Czechia,CZE,3640,799,0,1502,0
393,2018,Czechia,CZE,2186,1910,0,1502,0
570,2019,Czechia,CZE,2054,1632,0,1394,413
746,2020,Czechia,CZE,1919,1537,0,1492,1502
924,2021,Czechia,CZE,2052,1014,0,1498,1436
46,2016,Dem. Rep. of the Congo,COD,451957,1324,2232900,0,0
220,2017,Dem. Rep. of the Congo,COD,537089,807,4351376,0,0
394,2018,Dem. Rep. of the Congo,COD,529065,5770,4516866,0,0
571,2019,Dem. Rep. of the Congo,COD,523733,3192,5014253,0,0
747,2020,Dem. Rep. of the Congo,COD,490243,1480,5198131,0,0
925,2021,Dem. Rep. of the Congo,COD,519819,16595,5094035,0,0
47,2016,Denmark,DNK,33501,7001,0,7610,0
221,2017,Denmark,DNK,35668,4229,0,7990,0
395,2018,Denmark,DNK,36623,2675,0,8236,0
572,2019,Denmark,DNK,37533,1462,0,8672,0
748,2020,Denmark,DNK,36643,1331,0,11655,0
926,2021,Denmark,DNK,36431,844,0,11608,0
48,2016,Djibouti,DJI,17683,8058,0,0,117
222,2017,Djibouti,DJI,17553,9357,0,0,88
396,2018,Djibouti,DJI,18293,10479,0,0,0
573,2019,Djibouti,DJI,19639,11224,0,0,0
749,2020,Djibouti,DJI,21193,10811,0,0,1301
927,2021,Djibouti,DJI,22123,11441,0,0,1301
49,2016,Dominican Rep.,DOM,593,787,0,0,0
223,2017,Dominican Rep.,DOM,594,850,0,0,0
397,2018,Dominican Rep.,DOM,164,327,0,0,0
574,2019,Dominican Rep.,DOM,164,561,0,0,0
750,2020,Dominican Rep.,DOM,162,625,0,0,0
928,2021,Dominican Rep.,DOM,162,642,0,0,0
50,2016,Ecuador,ECU,102848,24542,0,0,0
224,2017,Ecuador,ECU,92405,11895,0,0,41000
398,2018,Ecuador,ECU,101550,17044,0,0,0
575,2019,Ecuador,ECU,104560,25002,0,0,0
751,2020,Ecuador,ECU,104582,26001,0,0,0
929,2021,Ecuador,ECU,55424,6565,0,0,0
51,2016,Egypt,EGY,213515,49844,0,19,0
225,2017,Egypt,EGY,232647,56557,0,0,0
399,2018,Egypt,EGY,246746,68168,0,5,0
576,2019,Egypt,EGY,258391,69842,0,5,0
752,2020,Egypt,EGY,272826,56446,0,7,0
930,2021,Egypt,EGY,277665,57320,0,7,0
52,2016,El Salvador,SLV,41,0,0,0,9800
226,2017,El Salvador,SLV,40,5,71500,0,4200
400,2018,El Salvador,SLV,44,16,71501,0,4700
577,2019,El Salvador,SLV,48,29,71500,0,6800
753,2020,El Salvador,SLV,48,53,71500,0,1700
931,2021,El Salvador,SLV,32,67,71500,0,290
53,2016,Eritrea,ERI,2342,8,0,0,16
227,2017,Eritrea,ERI,2392,0,0,0,19
401,2018,Eritrea,ERI,2252,0,0,0,21
578,2019,Eritrea,ERI,199,0,0,0,17
754,2020,Eritrea,ERI,201,0,0,0,17
932,2021,Eritrea,ERI,121,0,0,0,17
54,2016,Estonia,EST,312,43,0,82585,0
228,2017,Estonia,EST,405,36,0,80314,0
402,2018,Estonia,EST,319,30,0,77877,0
579,2019,Estonia,EST,331,33,0,75599,0
755,2020,Estonia,EST,277,5,0,73215,0
933,2021,Estonia,EST,288,15,0,71873,0
55,2016,Eswatini,SWZ,725,377,0,0,0
229,2017,Eswatini,SWZ,790,544,0,0,0
403,2018,Eswatini,SWZ,874,739,0,0,0
580,2019,Eswatini,SWZ,940,963,0,0,0
756,2020,Eswatini,SWZ,945,1104,0,0,0
934,2021,Eswatini,SWZ,987,1151,0,0,0
56,2016,Ethiopia,ETH,791631,1948,0,0,535
230,2017,Ethiopia,ETH,889412,2593,1078429,0,528
404,2018,Ethiopia,ETH,903226,2136,2615800,0,452
581,2019,Ethiopia,ETH,733123,1677,1733628,0,392
757,2020,Ethiopia,ETH,800454,1901,2733628,0,454
935,2021,Ethiopia,ETH,782896,2110,3954760,0,460
57,2016,Fiji,FJI,7,0,0,0,0
231,2017,Fiji,FJI,7,10,0,0,0
405,2018,Fiji,FJI,0,17,0,0,0
582,2019,Fiji,FJI,12,10,0,0,0
758,2020,Fiji,FJI,14,5,0,0,0
936,2021,Fiji,FJI,13,5,0,0,0
58,2016,Finland,FIN,18402,5559,0,2671,0
232,2017,Finland,FIN,20793,3101,0,2749,0
406,2018,Finland,FIN,22287,3264,0,2759,0
583,2019,Finland,FIN,23458,8719,0,2801,0
759,2020,Finland,FIN,23428,6316,0,3428,0
937,2021,Finland,FIN,23746,5308,0,3416,0
59,2016,France,FRA,304527,62764,0,1370,0
233,2017,France,FRA,337158,63115,0,1425,0
407,2018,France,FRA,368345,89055,0,1493,0
584,2019,France,FRA,407915,102192,0,1521,0
760,2020,France,FRA,436055,118137,0,2068,1606
938,2021,France,FRA,457153,82032,0,2094,1681
60,2016,Gabon,GAB,926,1911,0,0,0
234,2017,Gabon,GAB,845,5,0,0,0
408,2018,Gabon,GAB,686,82,0,0,0
585,2019,Gabon,GAB,454,76,0,0,0
761,2020,Gabon,GAB,467,80,0,0,0
939,2021,Gabon,GAB,333,63,0,0,0
61,2016,Gambia,GMB,7936,0,0,0,0
235,2017,Gambia,GMB,8039,5,0,0,0
409,2018,Gambia,GMB,4027,349,0,0,0
586,2019,Gambia,GMB,4302,206,0,0,0
762,2020,Gambia,GMB,4378,207,0,0,0
940,2021,Gambia,GMB,4419,207,0,0,0
62,2016,Georgia,GEO,2122,305,273765,580,0
236,2017,Georgia,GEO,2089,530,278103,587,0
410,2018,Georgia,GEO,1987,677,282382,566,0
587,2019,Georgia,GEO,1355,1111,286216,559,593
763,2020,Georgia,GEO,1780,1282,288538,531,0
941,2021,Georgia,GEO,1795,1271,289213,534,0
63,2016,Germany,DEU,669468,587306,0,12017,0
237,2017,Germany,DEU,970357,429265,0,13458,0
411,2018,Germany,DEU,1063835,369239,0,14779,0
588,2019,Germany,DEU,1146682,310957,0,14947,0
764,2020,Germany,DEU,1210596,243157,0,26675,0
942,2021,Germany,DEU,1235160,232481,0,26980,0
64,2016,Ghana,GHA,11866,1365,0,0,0
238,2017,Ghana,GHA,12153,1303,0,0,0
412,2018,Ghana,GHA,11896,1312,0,0,0
589,2019,Ghana,GHA,11946,1518,0,0,0
765,2020,Ghana,GHA,12406,1511,0,0,0
943,2021,Ghana,GHA,12388,1879,0,0,0
65,2016,Greece,GRC,46411,39960,0,198,0
239,2017,Greece,GRC,38988,44188,0,198,0
413,2018,Greece,GRC,61446,76057,0,198,0
590,2019,Greece,GRC,80454,105684,0,4734,0
766,2020,Greece,GRC,103101,60873,0,5557,4705
944,2021,Greece,GRC,112022,49397,0,5552,4705
767,2020,Grenada,GRD,0,0,0,0,0
945,2021,Grenada,GRD,0,0,0,0,0
66,2016,Guatemala,GTM,295,0,0,0,23900
240,2017,Guatemala,GTM,360,28,0,0,62200
414,2018,Guatemala,GTM,380,251,0,0,110600
591,2019,Guatemala,GTM,408,631,0,0,110600
768,2020,Guatemala,GTM,442,784,0,0,112749
946,2021,Guatemala,GTM,471,1069,0,0,102141
67,2016,Guinea,GIN,5067,104,0,0,0
241,2017,Guinea,GIN,5156,108,0,0,0
415,2018,Guinea,GIN,4294,1578,0,0,0
592,2019,Guinea,GIN,4964,1980,0,0,0
769,2020,Guinea,GIN,6029,3543,0,0,0
947,2021,Guinea,GIN,6239,2706,0,0,0
68,2016,Guinea-Bissau,GNB,9264,29,0,0,0
242,2017,Guinea-Bissau,GNB,11207,11,0,0,0
416,2018,Guinea-Bissau,GNB,4853,21,0,0,0
593,2019,Guinea-Bissau,GNB,1846,30,0,0,0
770,2020,Guinea-Bissau,GNB,1846,30,0,0,0
948,2021,Guinea-Bissau,GNB,1846,30,0,0,0
69,2016,Guyana,GUY,12,0,0,0,0
243,2017,Guyana,GUY,17,0,0,0,0
417,2018,Guyana,GUY,25,12,0,0,0
594,2019,Guyana,GUY,14,57,0,0,0
771,2020,Guyana,GUY,23,72,0,0,0
949,2021,Guyana,GUY,23,111,0,0,0
70,2016,Haiti,HTI,5,0,0,2302,0
244,2017,Haiti,HTI,5,0,0,2302,0
418,2018,Haiti,HTI,5,0,0,2992,0
595,2019,Haiti,HTI,0,5,0,0,0
772,2020,Haiti,HTI,0,5,0,0,0
950,2021,Haiti,HTI,0,5,0,0,0
71,2016,Honduras,HND,16,10,174000,0,4800
245,2017,Honduras,HND,27,11,174000,0,3200
419,2018,Honduras,HND,28,55,174001,0,5200
596,2019,Honduras,HND,75,109,247090,0,6000
773,2020,Honduras,HND,85,116,247090,0,2940
951,2021,Honduras,HND,124,60,247090,0,5040
72,2016,Hungary,HUN,4736,3396,0,135,0
246,2017,Hungary,HUN,5671,666,0,139,0
420,2018,Hungary,HUN,6019,120,0,144,0
597,2019,Hungary,HUN,5750,222,0,76,0
774,2020,Hungary,HUN,5838,38,0,147,0
952,2021,Hungary,HUN,5736,11,0,130,0
73,2016,Iceland,ISL,245,324,0,131,0
247,2017,Iceland,ISL,361,327,0,85,0
421,2018,Iceland,ISL,549,437,0,69,0
598,2019,Iceland,ISL,894,371,0,48,0
775,2020,Iceland,ISL,1460,181,0,66,0
953,2021,Iceland,ISL,1535,201,0,73,0
74,2016,India,IND,197848,9209,0,0,0
248,2017,India,IND,197142,10508,0,0,0
422,2018,India,IND,195887,11938,0,0,0
599,2019,India,IND,195103,12385,0,17730,0
776,2020,India,IND,195373,11217,0,18174,0
954,2021,India,IND,196194,12474,0,19677,0
75,2016,Indonesia,IDN,7824,6558,0,0,0
249,2017,Indonesia,IDN,9782,4016,0,0,0
423,2018,Indonesia,IDN,10786,3196,0,0,0
600,2019,Indonesia,IDN,10287,3476,0,582,0
777,2020,Indonesia,IDN,10114,3597,0,874,170
955,2021,Indonesia,IDN,10076,3309,0,668,165
76,2016,Iran (Islamic Rep. of),IRN,979435,91,0,0,0
250,2017,Iran (Islamic Rep. of),IRN,979435,84,0,0,0
424,2018,Iran (Islamic Rep. of),IRN,979435,33,0,0,0
601,2019,Iran (Islamic Rep. of),IRN,979435,35,0,0,0
778,2020,Iran (Islamic Rep. of),IRN,800025,34,0,34,0
956,2021,Iran (Islamic Rep. of),IRN,800025,34,0,34,0
77,2016,Iraq,IRQ,261863,11488,3604285,48200,3161
251,2017,Iraq,IRQ,277668,13035,2615988,47630,0
425,2018,Iraq,IRQ,283018,14013,1802832,47515,6
602,2019,Iraq,IRQ,273986,12938,1414632,47253,10
779,2020,Iraq,IRQ,270377,12670,1224108,47253,5
957,2021,Iraq,IRQ,272215,11167,1198940,47253,28
78,2016,Ireland,IRL,5720,4221,0,99,0
252,2017,Ireland,IRL,6394,5991,0,99,0
426,2018,Ireland,IRL,6012,7159,0,99,0
603,2019,Ireland,IRL,7795,7890,0,99,0
780,2020,Ireland,IRL,9035,7393,0,107,99
958,2021,Ireland,IRL,9421,7002,0,107,99
79,2016,Israel,ISR,30529,21274,0,42,0
253,2017,Israel,ISR,25657,29704,0,42,0
427,2018,Israel,ISR,18554,35569,0,42,0
604,2019,Israel,ISR,16107,38479,0,42,0
781,2020,Israel,ISR,1843,32518,0,42,10003
959,2021,Israel,ISR,1860,29156,0,42,10457
80,2016,Italy,ITA,147362,99896,0,701,0
254,2017,Italy,ITA,167330,186645,0,715,0
428,2018,Italy,ITA,189227,105606,0,732,0
605,2019,Italy,ITA,207602,47030,0,15822,0
782,2020,Italy,ITA,128033,53901,0,3000,0
960,2021,Italy,ITA,134499,53686,0,3000,0
81,2016,Jamaica,JAM,13,8,0,0,0
255,2017,Jamaica,JAM,13,8,0,0,0
429,2018,Jamaica,JAM,13,21,0,0,0
606,2019,Jamaica,JAM,0,5,0,0,0
783,2020,Jamaica,JAM,27,5,0,0,0
961,2021,Jamaica,JAM,27,5,0,0,0
82,2016,Japan,JPN,2512,18801,0,626,0
256,2017,Japan,JPN,2189,31204,0,585,0
430,2018,Japan,JPN,1893,29040,0,709,0
607,2019,Japan,JPN,1463,29123,0,687,0
784,2020,Japan,JPN,1132,23765,0,707,0
962,2021,Japan,JPN,1132,23765,0,707,0
83,2016,Jordan,JOR,685188,35600,0,0,0
257,2017,Jordan,JOR,691015,43809,0,0,0
431,2018,Jordan,JOR,715298,52536,0,0,1386
608,2019,Jordan,JOR,693668,51432,0,0,2117
785,2020,Jordan,JOR,702461,4866,0,18,988
963,2021,Jordan,JOR,708308,48368,0,63,1003
84,2016,Kazakhstan,KAZ,647,133,0,8451,0
258,2017,Kazakhstan,KAZ,602,207,0,8138,0
432,2018,Kazakhstan,KAZ,568,190,0,7690,0
609,2019,Kazakhstan,KAZ,518,212,0,8386,0
786,2020,Kazakhstan,KAZ,440,223,0,7999,0
964,2021,Kazakhstan,KAZ,399,236,0,7915,0
85,2016,Kenya,KEN,451097,43748,0,20000,0
259,2017,Kenya,KEN,431895,56499,0,18500,0
433,2018,Kenya,KEN,421243,50458,0,18500,0
610,2019,Kenya,KEN,438899,53008,0,18500,0
787,2020,Kenya,KEN,452916,51916,0,16820,44000
965,2021,Kenya,KEN,466286,54878,0,16820,44000
86,2016,Kuwait,KWT,935,823,0,93000,0
260,2017,Kuwait,KWT,613,948,0,92000,0
434,2018,Kuwait,KWT,671,983,0,92000,16
611,2019,Kuwait,KWT,686,1079,0,92020,0
788,2020,Kuwait,KWT,732,1054,0,92000,20
966,2021,Kuwait,KWT,740,1090,0,92020,20
87,2016,Kyrgyzstan,KGZ,334,120,0,2334,0
261,2017,Kyrgyzstan,KGZ,334,107,0,855,0
435,2018,Kyrgyzstan,KGZ,329,105,0,548,0
612,2019,Kyrgyzstan,KGZ,347,164,0,58,0
789,2020,Kyrgyzstan,KGZ,334,343,0,18,0
967,2021,Kyrgyzstan,KGZ,327,452,0,16,0
88,2016,Latvia,LVA,340,151,0,242736,0
262,2017,Latvia,LVA,653,54,0,233571,0
436,2018,Latvia,LVA,664,45,0,224844,0
613,2019,Latvia,LVA,665,41,0,216851,0
790,2020,Latvia,LVA,637,73,0,209168,0
968,2021,Latvia,LVA,678,23,0,209168,0
89,2016,Lebanon,LBN,1012959,13724,0,0,4574
263,2017,Lebanon,LBN,998876,15321,0,0,4183
437,2018,Lebanon,LBN,949653,16404,0,0,3518
614,2019,Lebanon,LBN,916141,12119,0,0,7875
791,2020,Lebanon,LBN,870388,10278,0,0,7149
969,2021,Lebanon,LBN,856758,8932,0,0,6980
90,2016,Lesotho,LSO,46,5,0,0,0
264,2017,Lesotho,LSO,55,28,0,0,0
438,2018,Lesotho,LSO,56,36,0,0,0
615,2019,Lesotho,LSO,143,78,0,0,0
792,2020,Lesotho,LSO,271,179,0,0,0
970,2021,Lesotho,LSO,295,219,0,0,0
91,2016,Liberia,LBR,18978,14,0,0,1479
265,2017,Liberia,LBR,11109,30,0,0,374
439,2018,Liberia,LBR,9103,40,0,0,0
616,2019,Liberia,LBR,8225,11,0,0,0
793,2020,Liberia,LBR,8213,10668,0,0,0
971,2021,Liberia,LBR,8441,30017,0,0,0
92,2016,Libya,LBY,9311,29221,174510,0,0
266,2017,Libya,LBY,9352,35650,180937,0,0
440,2018,Libya,LBY,8792,47403,170491,0,0
617,2019,Libya,LBY,4730,42796,355672,0,0
794,2020,Libya,LBY,4149,40039,278177,0,0
972,2021,Libya,LBY,3701,39434,223949,0,0
93,2016,Liechtenstein,LIE,161,78,0,0,0
267,2017,Liechtenstein,LIE,164,79,0,0,0
441,2018,Liechtenstein,LIE,166,70,0,0,0
618,2019,Liechtenstein,LIE,125,29,0,0,0
795,2020,Liechtenstein,LIE,129,20,0,0,0
973,2021,Liechtenstein,LIE,131,15,0,0,0
94,2016,Lithuania,LTU,1284,147,0,3466,0
268,2017,Lithuania,LTU,1577,249,0,3193,0
442,2018,Lithuania,LTU,1731,273,0,3039,0
619,2019,Lithuania,LTU,1822,408,0,2904,0
796,2020,Lithuania,LTU,1880,122,0,2721,0
974,2021,Lithuania,LTU,1880,455,0,2721,0
95,2016,Luxembourg,LUX,2020,2186,0,83,0
269,2017,Luxembourg,LUX,2020,1495,0,83,0
443,2018,Luxembourg,LUX,2020,1485,0,83,0
620,2019,Luxembourg,LUX,2548,1785,0,83,0
797,2020,Luxembourg,LUX,5158,1400,0,194,85
975,2021,Luxembourg,LUX,5158,1580,0,194,85
96,2016,Madagascar,MDG,22,27,0,0,0
270,2017,Madagascar,MDG,39,57,0,0,0
444,2018,Madagascar,MDG,39,90,0,0,0
621,2019,Madagascar,MDG,113,128,0,0,0
798,2020,Madagascar,MDG,112,189,0,0,0
976,2021,Madagascar,MDG,156,129,0,0,9
97,2016,Malawi,MWI,9386,21022,0,0,0
271,2017,Malawi,MWI,8977,25987,0,0,357
445,2018,Malawi,MWI,13783,23135,0,0,320
622,2019,Malawi,MWI,14087,30824,0,0,239
799,2020,Malawi,MWI,14892,33129,0,0,244
977,2021,Malawi,MWI,16359,34461,0,0,250
98,2016,Malaysia,MYS,92259,56313,0,10931,80000
272,2017,Malaysia,MYS,103837,47509,0,10068,80000
446,2018,Malaysia,MYS,121305,41801,0,9631,80000
623,2019,Malaysia,MYS,129107,50730,0,108332,55000
800,2020,Malaysia,MYS,129909,49822,0,111298,0
978,2021,Malaysia,MYS,131101,52012,0,112003,0
99,2016,Mali,MLI,17510,299,36690,0,0
273,2017,Mali,MLI,17036,554,38172,0,0
447,2018,Mali,MLI,26538,917,120298,0,0
624,2019,Mali,MLI,26672,1004,207751,0,0
801,2020,Mali,MLI,47380,969,332957,0,0
979,2021,Mali,MLI,46885,1005,386454,0,0
100,2016,Malta,MLT,7941,868,0,0,0
274,2017,Malta,MLT,7994,1349,0,11,0
448,2018,Malta,MLT,8579,1860,0,11,0
625,2019,Malta,MLT,8908,3793,0,0,0
802,2020,Malta,MLT,9168,4047,0,11,0
980,2021,Malta,MLT,9260,3088,0,11,0
101,2016,Mauritania,MRT,74147,573,0,0,0
275,2017,Mauritania,MRT,77425,746,0,0,0
449,2018,Mauritania,MRT,83184,1126,0,0,0
626,2019,Mauritania,MRT,84901,1540,0,0,0
803,2020,Mauritania,MRT,93608,1960,0,0,0
981,2021,Mauritania,MRT,99057,2768,0,0,0
102,2016,Mauritius,MUS,0,5,0,0,0
276,2017,Mauritius,MUS,5,0,0,0,0
450,2018,Mauritius,MUS,16,0,0,0,0
627,2019,Mauritius,MUS,20,5,0,0,0
804,2020,Mauritius,MUS,20,0,0,0,0
982,2021,Mauritius,MUS,20,0,0,0,0
103,2016,Mexico,MEX,6178,2636,0,13,0
277,2017,Mexico,MEX,8993,10357,0,13,0
451,2018,Mexico,MEX,16530,23833,0,13,82993
628,2019,Mexico,MEX,28517,70319,0,13,140710
805,2020,Mexico,MEX,45434,83792,0,13,73635
983,2021,Mexico,MEX,58050,114536,0,13,78547
104,2016,Micronesia (Federated States of),FSM,5,0,0,0,0
105,2016,Monaco,MCO,27,0,0,0,0
278,2017,Monaco,MCO,25,0,0,0,0
452,2018,Monaco,MCO,25,0,0,0,0
629,2019,Monaco,MCO,22,0,0,0,0
806,2020,Monaco,MCO,22,0,0,0,0
984,2021,Monaco,MCO,22,0,0,0,0
106,2016,Mongolia,MNG,10,0,0,14,0
279,2017,Mongolia,MNG,5,5,0,17,5
453,2018,Mongolia,MNG,5,0,0,17,5
630,2019,Mongolia,MNG,0,5,0,17,10
807,2020,Mongolia,MNG,0,10,0,0,8
985,2021,Mongolia,MNG,0,0,0,17,11
107,2016,Montenegro,MNE,970,73,0,3237,11451
280,2017,Montenegro,MNE,794,173,0,145,11703
454,2018,Montenegro,MNE,727,162,0,145,12293
631,2019,Montenegro,MNE,653,485,0,142,12275
808,2020,Montenegro,MNE,166,193,0,472,1094
986,2021,Montenegro,MNE,172,139,0,458,1094
108,2016,Morocco,MAR,4762,1943,0,0,0
281,2017,Morocco,MAR,4703,2050,0,0,0
455,2018,Morocco,MAR,5932,1829,0,0,0
632,2019,Morocco,MAR,6642,3313,0,0,0
809,2020,Morocco,MAR,6505,7011,0,0,0
987,2021,Morocco,MAR,6920,8023,0,0,0
109,2016,Mozambique,MOZ,4663,12976,15128,0,0
282,2017,Mozambique,MOZ,4876,18795,15128,0,0
456,2018,Mozambique,MOZ,4910,21133,0,0,0
633,2019,Mozambique,MOZ,4713,20975,180516,0,0
810,2020,Mozambique,MOZ,4757,22442,668038,0,0
988,2021,Mozambique,MOZ,4768,23400,788091,0,0
110,2016,Myanmar,MMR,0,0,375016,925939,0
283,2017,Myanmar,MMR,0,0,353108,621514,0
457,2018,Myanmar,MMR,0,0,370306,620939,0
634,2019,Myanmar,MMR,0,0,312018,600000,0
811,2020,Myanmar,MMR,0,0,370320,600000,0
989,2021,Myanmar,MMR,0,0,569591,600000,0
111,2016,Namibia,NAM,1747,1664,0,0,48
284,2017,Namibia,NAM,2182,1889,0,0,7
458,2018,Namibia,NAM,2394,1516,0,0,7
635,2019,Namibia,NAM,3182,1906,0,0,7
812,2020,Namibia,NAM,3578,2214,0,0,7
990,2021,Namibia,NAM,3537,2265,0,0,0
112,2016,Nauru,NRU,508,309,0,0,0
285,2017,Nauru,NRU,964,126,0,0,0
459,2018,Nauru,NRU,964,416,0,0,0
636,2019,Nauru,NRU,755,415,0,0,0
813,2020,Nauru,NRU,1074,90,0,142,0
991,2021,Nauru,NRU,964,77,0,133,6
113,2016,Nepal,NPL,25249,71,0,0,849
286,2017,Nepal,NPL,21467,148,0,0,625
460,2018,Nepal,NPL,20804,51,0,0,542
637,2019,Nepal,NPL,19570,57,0,0,534
814,2020,Nepal,NPL,19555,42,0,371,560
992,2021,Nepal,NPL,19552,64,0,395,553
114,2016,Netherlands,NLD,101727,10369,0,1951,0
287,2017,Netherlands,NLD,103843,5818,0,1951,0
461,2018,Netherlands,NLD,101824,12303,0,1951,0
638,2019,Netherlands,NLD,94417,15599,0,1951,0
815,2020,Netherlands,NLD,95898,11882,0,2006,0
993,2021,Netherlands,NLD,97621,7391,0,2087,0
115,2016,New Zealand,NZL,1408,298,0,0,0
288,2017,New Zealand,NZL,1465,391,0,0,0
462,2018,New Zealand,NZL,1545,446,0,0,0
639,2019,New Zealand,NZL,1709,558,0,0,0
816,2020,New Zealand,NZL,1748,691,0,0,0
994,2021,New Zealand,NZL,1785,662,0,0,0
116,2016,Nicaragua,NIC,325,338,0,0,0
289,2017,Nicaragua,NIC,322,407,0,0,0
463,2018,Nicaragua,NIC,321,126,0,0,357
640,2019,Nicaragua,NIC,322,126,0,0,510
817,2020,Nicaragua,NIC,311,126,0,0,563
995,2021,Nicaragua,NIC,311,126,0,0,574
117,2016,Niger,NER,166089,61,121391,0,14678
290,2017,Niger,NER,165729,278,129015,0,14820
464,2018,Niger,NER,175413,3547,156137,0,27142
641,2019,Niger,NER,179997,38077,191902,0,32072
818,2020,Niger,NER,233293,3285,298458,0,38127
996,2021,Niger,NER,245449,3102,319895,0,43112
118,2016,Nigeria,NGA,1357,464,2219272,0,0
291,2017,Nigeria,NGA,1910,8650,1704080,0,0
465,2018,Nigeria,NGA,34727,940,2167925,0,0
642,2019,Nigeria,NGA,54157,1033,2195779,0,0
819,2020,Nigeria,NGA,66056,2787,2610278,0,0
997,2021,Nigeria,NGA,71362,1677,2762562,0,0
119,2016,North Macedonia,MKD,634,15,0,600,0
292,2017,North Macedonia,MKD,414,26,0,590,0
466,2018,North Macedonia,MKD,413,5,0,571,0
643,2019,North Macedonia,MKD,354,75,0,567,0
820,2020,North Macedonia,MKD,304,21,0,558,0
998,2021,North Macedonia,MKD,296,17,0,553,2882
120,2016,Norway,NOR,59512,7505,0,3251,0
293,2017,Norway,NOR,59230,2952,0,3282,0
467,2018,Norway,NOR,57004,2246,0,2809,0
644,2019,Norway,NOR,53882,1540,0,2272,0
821,2020,Norway,NOR,49653,1083,0,4206,0
999,2021,Norway,NOR,47710,873,0,4154,0
121,2016,Oman,OMN,316,365,0,0,0
294,2017,Oman,OMN,308,398,0,0,0
468,2018,Oman,OMN,310,254,0,0,0
645,2019,Oman,OMN,308,254,0,0,0
822,2020,Oman,OMN,308,330,0,0,0
1000,2021,Oman,OMN,307,330,0,0,0
122,2016,Pakistan,PAK,1352551,4854,448956,0,0
295,2017,Pakistan,PAK,1393132,3487,174354,0,0
469,2018,Pakistan,PAK,1404008,5170,96384,0,0
646,2019,Pakistan,PAK,1419596,8546,100680,0,0
823,2020,Pakistan,PAK,1438940,9794,98898,47,62
1001,2021,Pakistan,PAK,1438523,10192,98898,47,72
123,2016,Panama,PAN,17332,4465,0,0,0
296,2017,Panama,PAN,2417,7289,0,0,48900
470,2018,Panama,PAN,2501,13602,0,0,0
647,2019,Panama,PAN,2536,17673,0,0,0
824,2020,Panama,PAN,2562,12892,0,0,0
1002,2021,Panama,PAN,2542,11630,0,0,0
124,2016,Papua New Guinea,PNG,9529,16,0,0,0
297,2017,Papua New Guinea,PNG,10018,0,0,0,0
471,2018,Papua New Guinea,PNG,10022,151,0,0,0
648,2019,Papua New Guinea,PNG,9698,132,0,0,0
825,2020,Papua New Guinea,PNG,10781,108,14000,10,0
1003,2021,Papua New Guinea,PNG,11862,104,14000,9,0
125,2016,Paraguay,PRY,199,31,0,0,0
298,2017,Paraguay,PRY,200,69,0,0,0
472,2018,Paraguay,PRY,260,350,0,0,0
649,2019,Paraguay,PRY,1014,680,0,0,0
826,2020,Paraguay,PRY,1686,1452,0,0,0
1004,2021,Paraguay,PRY,3041,1102,0,0,0
126,2016,Peru,PER,1615,4368,0,0,0
299,2017,Peru,PER,1788,37728,0,0,31224
473,2018,Peru,PER,2506,230845,0,0,0
650,2019,Peru,PER,2850,487049,0,0,0
827,2020,Peru,PER,4272,537552,0,0,500353
1005,2021,Peru,PER,4895,536779,0,0,500353
127,2016,Philippines,PHL,392,205,87418,4636,68
300,2017,Philippines,PHL,512,210,311943,2678,68
474,2018,Philippines,PHL,631,238,77651,1068,68
651,2019,Philippines,PHL,680,319,178897,383,129734
828,2020,Philippines,PHL,709,397,150368,388,129513
1006,2021,Philippines,PHL,794,519,120640,392,129372
128,2016,Poland,POL,11738,3412,0,10825,0
301,2017,Poland,POL,12225,2878,0,10825,0
475,2018,Poland,POL,12495,3059,0,10825,0
652,2019,Poland,POL,12658,4783,0,1328,0
829,2020,Poland,POL,2771,3602,0,1390,0
1007,2021,Poland,POL,3166,3937,0,1389,0
129,2016,Portugal,PRT,1189,850,0,14,0
302,2017,Portugal,PRT,1619,45,0,14,0
476,2018,Portugal,PRT,2130,85,0,14,0
653,2019,Portugal,PRT,2375,1057,0,14,0
830,2020,Portugal,PRT,2405,1154,0,45,14
1008,2021,Portugal,PRT,2650,303,0,45,14
130,2016,Qatar,QAT,176,143,0,1200,0
303,2017,Qatar,QAT,188,123,0,1200,0
477,2018,Qatar,QAT,189,91,0,1200,0
654,2019,Qatar,QAT,202,99,0,1200,0
831,2020,Qatar,QAT,201,243,0,1200,0
1009,2021,Qatar,QAT,200,243,0,1200,0
131,2016,Rep. of Korea,KOR,1798,6835,0,197,0
304,2017,Rep. of Korea,KOR,2238,9559,0,197,0
478,2018,Rep. of Korea,KOR,2890,19827,0,197,0
655,2019,Rep. of Korea,KOR,3196,25562,0,197,0
832,2020,Rep. of Korea,KOR,3443,20073,0,204,0
1010,2021,Rep. of Korea,KOR,3503,14107,0,204,0
132,2016,Rep. of Moldova,MDA,419,75,0,4776,0
305,2017,Rep. of Moldova,MDA,391,61,0,4569,0
479,2018,Rep. of Moldova,MDA,409,93,0,4451,0
656,2019,Rep. of Moldova,MDA,417,94,0,3500,0
833,2020,Rep. of Moldova,MDA,405,59,0,3405,0
1011,2021,Rep. of Moldova,MDA,405,42,0,3372,0
133,2016,Romania,ROU,2880,72,0,249,0
306,2017,Romania,ROU,3911,1514,0,238,0
480,2018,Romania,ROU,4134,1476,0,227,0
657,2019,Romania,ROU,3860,916,0,192,0
834,2020,Romania,ROU,3581,2242,0,277,183
1012,2021,Romania,ROU,3776,1723,0,314,181
134,2016,Russian Federation,RUS,228981,3025,0,90771,0
307,2017,Russian Federation,RUS,126021,2168,0,82148,0
481,2018,Russian Federation,RUS,77382,1361,0,75679,0
658,2019,Russian Federation,RUS,42413,1445,0,68209,0
835,2020,Russian Federation,RUS,20260,813,0,60185,0
1013,2021,Russian Federation,RUS,15052,1091,0,56960,0
135,2016,Rwanda,RWA,156065,456,0,0,1444
308,2017,Rwanda,RWA,170991,438,0,0,1844
482,2018,Rwanda,RWA,145359,423,0,0,3734
659,2019,Rwanda,RWA,145054,613,0,0,5323
836,2020,Rwanda,RWA,139491,465,0,0,13640
1014,2021,Rwanda,RWA,122806,228,0,9500,13425
309,2017,Saint Kitts and Nevis,KNA,0,5,0,0,0
483,2018,Saint Kitts and Nevis,KNA,5,0,0,0,0
660,2019,Saint Kitts and Nevis,KNA,5,0,0,0,0
837,2020,Saint Kitts and Nevis,KNA,0,0,0,0,0
1015,2021,Saint Kitts and Nevis,KNA,0,0,0,0,0
661,2019,Saint Vincent and the Grenadines,VCT,0,0,0,0,0
838,2020,Saint Vincent and the Grenadines,VCT,0,0,0,0,0
1016,2021,Saint Vincent and the Grenadines,VCT,0,0,0,0,0
136,2016,Samoa,WSM,5,0,0,0,0
310,2017,Samoa,WSM,5,0,0,0,0
484,2018,Samoa,WSM,5,0,0,0,0
137,2016,Saudi Arabia,SAU,136,51,0,70000,0
311,2017,Saudi Arabia,SAU,153,82,0,70000,0
485,2018,Saudi Arabia,SAU,263,2167,0,70000,0
662,2019,Saudi Arabia,SAU,315,2327,0,70000,0
839,2020,Saudi Arabia,SAU,330,9434,0,70000,0
1017,2021,Saudi Arabia,SAU,335,10116,0,70000,0
138,2016,Senegal,SEN,14575,3213,0,0,0
312,2017,Senegal,SEN,14646,3368,0,0,0
486,2018,Senegal,SEN,14359,1699,0,0,0
663,2019,Senegal,SEN,14467,1791,0,0,0
840,2020,Senegal,SEN,14361,1913,0,0,0
1018,2021,Senegal,SEN,14505,2005,0,0,0
139,2016,Serbia and Kosovo: S/RES/1244 (1999),SRB,36518,122,219633,2373,0
313,2017,Serbia and Kosovo: S/RES/1244 (1999),SRB,32206,137,217453,2155,0
487,2018,Serbia and Kosovo: S/RES/1244 (1999),SRB,30946,217,215794,2052,0
664,2019,Serbia and Kosovo: S/RES/1244 (1999),SRB,26427,267,214696,1951,5833
841,2020,Serbia and Kosovo: S/RES/1244 (1999),SRB,26090,302,213018,2145,6514
1019,2021,Serbia and Kosovo: S/RES/1244 (1999),SRB,25641,220,211868,2113,3826
140,2016,Sierra Leone,SLE,683,5,0,0,0
314,2017,Sierra Leone,SLE,678,0,0,0,0
488,2018,Sierra Leone,SLE,591,0,0,0,0
665,2019,Sierra Leone,SLE,441,0,0,0,0
842,2020,Sierra Leone,SLE,342,0,0,0,0
1020,2021,Sierra Leone,SLE,342,0,0,0,0
489,2018,Singapore,SGP,0,0,0,1303,0
666,2019,Singapore,SGP,0,0,0,1303,0
843,2020,Singapore,SGP,0,0,0,1109,0
1021,2021,Singapore,SGP,0,0,0,1109,0
141,2016,Sint Maarten (Dutch part),SXM,5,5,0,0,0
315,2017,Sint Maarten (Dutch part),SXM,5,0,0,0,0
490,2018,Sint Maarten (Dutch part),SXM,5,0,0,0,0
667,2019,Sint Maarten (Dutch part),SXM,5,5,0,0,0
844,2020,Sint Maarten (Dutch part),SXM,0,8,0,0,0
1022,2021,Sint Maarten (Dutch part),SXM,0,9,0,0,0
142,2016,Slovakia,SVK,980,38,0,1523,46
316,2017,Slovakia,SVK,912,26,0,1523,10
491,2018,Slovakia,SVK,938,17,0,1523,0
668,2019,Slovakia,SVK,965,5,0,1523,0
845,2020,Slovakia,SVK,1006,44,0,1532,0
1023,2021,Slovakia,SVK,1012,53,0,1532,0
143,2016,Slovenia,SVN,454,309,0,5,0
317,2017,Slovenia,SVN,611,264,0,5,0
492,2018,Slovenia,SVN,746,245,0,5,0
669,2019,Slovenia,SVN,741,315,0,5,0
846,2020,Slovenia,SVN,823,277,0,8,5
1024,2021,Slovenia,SVN,833,253,0,0,57
493,2018,Solomon Islands,SLB,0,5,0,0,0
144,2016,Somalia,SOM,11579,12792,1562554,0,130
318,2017,Somalia,SOM,14565,14706,2116705,0,129
494,2018,Somalia,SOM,16738,16361,2648001,0,380
670,2019,Somalia,SOM,17882,17793,2648000,0,152
847,2020,Somalia,SOM,11220,13229,2967500,0,8
1025,2021,Somalia,SOM,11959,13536,2967500,0,13
145,2016,South Africa,ZAF,91018,218275,0,0,0
319,2017,South Africa,ZAF,88694,191333,0,0,0
495,2018,South Africa,ZAF,89285,184193,0,0,0
671,2019,South Africa,ZAF,78395,188235,0,0,0
848,2020,South Africa,ZAF,76729,173461,0,0,0
1026,2021,South Africa,ZAF,76729,173461,0,0,0
146,2016,South Sudan,SSD,262558,1790,1853924,0,0
320,2017,South Sudan,SSD,283405,1895,1903953,0,10000
496,2018,South Sudan,SSD,291838,2535,1878154,0,10000
672,2019,South Sudan,SSD,298309,3678,1665815,0,10000
849,2020,South Sudan,SSD,314438,3763,1600254,10000,250000
1027,2021,South Sudan,SSD,320879,3961,1710966,10000,250000
147,2016,Spain,ESP,12983,20360,0,1011,0
321,2017,Spain,ESP,17541,34866,0,1596,0
497,2018,Spain,ESP,20437,78685,0,2455,0
673,2019,Spain,ESP,57751,133030,0,4246,0
850,2020,Spain,ESP,103624,103385,0,5914,5904
1028,2021,Spain,ESP,115258,91585,0,6092,6081
148,2016,Sri Lanka,LKA,602,573,39730,0,0
322,2017,Sri Lanka,LKA,820,629,39322,0,0
498,2018,Sri Lanka,LKA,796,744,35473,0,0
674,2019,Sri Lanka,LKA,1041,361,25110,0,0
851,2020,Sri Lanka,LKA,1008,224,25013,35,0
1029,2021,Sri Lanka,LKA,952,211,11273,0,0
149,2016,Sudan,SDN,421459,16056,2225557,0,3758
323,2017,Sudan,SDN,906590,18212,1997022,0,3873
499,2018,Sudan,SDN,1078280,17619,1864195,0,3725
675,2019,Sudan,SDN,1055489,15748,1885782,0,3691
852,2020,Sudan,SDN,1040288,16023,2552174,0,3698
1030,2021,Sudan,SDN,1068339,25102,2552174,0,3829
150,2016,Suriname,SUR,0,43,0,0,0
324,2017,Suriname,SUR,34,67,0,0,0
500,2018,Suriname,SUR,41,206,0,0,0
676,2019,Suriname,SUR,44,1426,0,0,0
853,2020,Suriname,SUR,19,1988,0,0,0
1031,2021,Suriname,SUR,19,2018,0,0,0
151,2016,Sweden,SWE,230158,83040,0,36036,0
325,2017,Sweden,SWE,240954,51588,0,35101,0
501,2018,Sweden,SWE,248210,37892,0,31819,0
677,2019,Sweden,SWE,253787,28591,0,30305,0
854,2020,Sweden,SWE,248370,18603,0,50414,0
1032,2021,Sweden,SWE,244942,14472,0,50098,0
152,2016,Switzerland,CHE,82668,30778,0,66,0
326,2017,Switzerland,CHE,93030,23728,0,62,0
502,2018,Switzerland,CHE,104011,14776,0,49,0
678,2019,Switzerland,CHE,110162,11200,0,0,0
855,2020,Switzerland,CHE,115798,6547,0,710,60
1033,2021,Switzerland,CHE,117169,5612,0,684,60
153,2016,Syrian Arab Rep.,SYR,19807,12484,6325978,160000,13628
327,2017,Syrian Arab Rep.,SYR,19425,18098,6150005,160000,11213
503,2018,Syrian Arab Rep.,SYR,18817,18631,6183920,160000,7879
679,2019,Syrian Arab Rep.,SYR,16213,12106,6146994,160000,30971
856,2020,Syrian Arab Rep.,SYR,15304,8769,6701972,160000,30846
1034,2021,Syrian Arab Rep.,SYR,15362,8761,6786846,160000,30367
154,2016,Tajikistan,TJK,2724,431,0,17002,0
328,2017,Tajikistan,TJK,2521,440,0,10500,0
504,2018,Tajikistan,TJK,2654,315,0,4616,0
680,2019,Tajikistan,TJK,3788,1413,0,7151,0
857,2020,Tajikistan,TJK,5578,408,0,6385,0
1035,2021,Tajikistan,TJK,6780,2519,0,6141,0
155,2016,Thailand,THA,106431,4986,0,487741,261
329,2017,Thailand,THA,104605,2046,0,486440,109
505,2018,Thailand,THA,102234,934,0,478843,98
681,2019,Thailand,THA,97556,855,0,475009,119
858,2020,Thailand,THA,96179,852,0,480696,146
1036,2021,Thailand,THA,96175,756,0,554103,132
156,2016,Togo,TGO,12486,777,0,0,0
330,2017,Togo,TGO,12425,744,0,0,0
506,2018,Togo,TGO,12335,694,0,0,0
682,2019,Togo,TGO,11964,692,0,0,0
859,2020,Togo,TGO,10798,660,0,0,0
1037,2021,Togo,TGO,10831,710,0,0,0
157,2016,Trinidad and Tobago,TTO,104,202,0,0,6
331,2017,Trinidad and Tobago,TTO,282,1975,0,0,15
507,2018,Trinidad and Tobago,TTO,784,9937,0,0,15
683,2019,Trinidad and Tobago,TTO,2308,17364,0,0,200
860,2020,Trinidad and Tobago,TTO,3179,19926,0,0,393
1038,2021,Trinidad and Tobago,TTO,3458,21089,0,0,389
158,2016,Tunisia,TUN,646,30,0,0,5
332,2017,Tunisia,TUN,726,36,0,0,0
508,2018,Tunisia,TUN,1061,250,0,0,8
684,2019,Tunisia,TUN,1732,1635,0,0,17
861,2020,Tunisia,TUN,2580,3700,0,0,54
1039,2021,Tunisia,TUN,2678,5783,0,0,46
159,2016,Turkey,TUR,2869419,245926,0,780,0
333,2017,Turkey,TUR,3480350,308838,0,117,0
509,2018,Turkey,TUR,3681688,311699,0,117,0
685,2019,Turkey,TUR,3579531,328257,0,0,0
862,2020,Turkey,TUR,3652362,322188,0,0,0
1040,2021,Turkey,TUR,3696831,322188,0,0,0
160,2016,Turkmenistan,TKM,26,0,0,5744,0
334,2017,Turkmenistan,TKM,22,0,0,3851,0
510,2018,Turkmenistan,TKM,21,0,0,4714,0
686,2019,Turkmenistan,TKM,21,0,0,3688,0
863,2020,Turkmenistan,TKM,20,0,0,3924,0
1041,2021,Turkmenistan,TKM,20,0,0,4107,0
161,2016,Turks and Caicos Islands,TCA,5,0,0,0,0
335,2017,Turks and Caicos Islands,TCA,5,0,0,0,0
511,2018,Turks and Caicos Islands,TCA,5,0,0,0,0
687,2019,Turks and Caicos Islands,TCA,5,0,0,0,0
864,2020,Turks and Caicos Islands,TCA,8,0,0,0,0
1042,2021,Turks and Caicos Islands,TCA,8,5,0,0,0
162,2016,Uganda,UGA,940825,41872,0,0,180000
336,2017,Uganda,UGA,1350495,44635,0,0,180000
512,2018,Uganda,UGA,1165646,25269,0,0,180000
688,2019,Uganda,UGA,1359458,21804,0,0,2304506
865,2020,Uganda,UGA,1421133,25236,0,0,2351313
1043,2021,Uganda,UGA,1475311,23126,0,0,2509400
163,2016,Ukraine,UKR,3292,6536,1800000,35363,0
337,2017,Ukraine,UKR,3241,6210,1800000,35294,0
513,2018,Ukraine,UKR,2606,6389,1500002,35650,0
689,2019,Ukraine,UKR,2166,2400,734000,35642,1680000
866,2020,Ukraine,UKR,2249,2359,734000,35875,1620000
1044,2021,Ukraine,UKR,2310,2621,734000,35875,1620000
164,2016,United Arab Emirates,ARE,888,605,0,0,0
338,2017,United Arab Emirates,ARE,884,1882,0,0,10
514,2018,United Arab Emirates,ARE,1167,6500,0,0,97
690,2019,United Arab Emirates,ARE,1242,7266,0,0,130
867,2020,United Arab Emirates,ARE,1315,7229,0,5,127
1045,2021,United Arab Emirates,ARE,1296,7238,0,5,125
165,2016,United Kingdom of Great Britain and Northern Ireland,GBR,118973,43496,0,64,0
339,2017,United Kingdom of Great Britain and Northern Ireland,GBR,121821,40354,0,97,0
515,2018,United Kingdom of Great Britain and Northern Ireland,GBR,126708,45234,0,125,0
691,2019,United Kingdom of Great Britain and Northern Ireland,GBR,133083,61947,0,161,0
868,2020,United Kingdom of Great Britain and Northern Ireland,GBR,132304,77245,0,4662,209
1046,2021,United Kingdom of Great Britain and Northern Ireland,GBR,135912,83489,0,3968,209
166,2016,United Rep. of Tanzania,TZA,281498,8539,0,0,168785
340,2017,United Rep. of Tanzania,TZA,308528,44172,0,0,168581
516,2018,United Rep. of Tanzania,TZA,278322,39659,0,0,19024
692,2019,United Rep. of Tanzania,TZA,242171,32028,0,0,23861
869,2020,United Rep. of Tanzania,TZA,234645,28748,0,0,23920
1047,2021,United Rep. of Tanzania,TZA,202635,27829,0,0,22566
167,2016,United States of America,USA,272963,439864,0,0,0
341,2017,United States of America,USA,287135,642719,0,0,0
517,2018,United States of America,USA,313242,718992,0,0,0
693,2019,United States of America,USA,341715,847608,0,0,0
870,2020,United States of America,USA,340846,997996,0,47,0
1048,2021,United States of America,USA,337870,1247223,0,47,0
168,2016,Uruguay,URY,299,352,0,0,0
342,2017,Uruguay,URY,334,2089,0,0,6157
518,2018,Uruguay,URY,379,6404,0,0,0
694,2019,Uruguay,URY,498,13742,0,0,0
871,2020,Uruguay,URY,664,10631,0,0,0
1049,2021,Uruguay,URY,747,12070,0,5,0
169,2016,Uzbekistan,UZB,26,0,0,86524,0
343,2017,Uzbekistan,UZB,20,0,0,85555,0
519,2018,Uzbekistan,UZB,13,0,0,79942,0
695,2019,Uzbekistan,UZB,13,0,0,97346,0
872,2020,Uzbekistan,UZB,13,0,0,69791,0
1050,2021,Uzbekistan,UZB,13,0,0,59136,0
1051,2021,Vanuatu,VUT,0,5,0,0,0
170,2016,Venezuela (Bolivarian Republic of),VEN,172047,900,0,0,0
344,2017,Venezuela (Bolivarian Republic of),VEN,122804,904,0,0,0
520,2018,Venezuela (Bolivarian Republic of),VEN,67283,142,0,0,0
696,2019,Venezuela (Bolivarian Republic of),VEN,67749,49,0,0,494503
873,2020,Venezuela (Bolivarian Republic of),VEN,68089,284,0,0,1112517
1052,2021,Venezuela (Bolivarian Republic of),VEN,68139,520,0,0,1018709
171,2016,Viet Nam,VNM,0,0,0,11000,0
345,2017,Viet Nam,VNM,0,0,0,29522,0
521,2018,Viet Nam,VNM,0,0,0,34110,0
697,2019,Viet Nam,VNM,0,0,0,30581,0
874,2020,Viet Nam,VNM,0,0,0,32890,0
1053,2021,Viet Nam,VNM,0,0,0,30581,0
172,2016,Yemen,YEM,269778,9088,2025060,0,10
346,2017,Yemen,YEM,270913,9763,2014062,0,15
522,2018,Yemen,YEM,264359,8805,2144719,0,10
698,2019,Yemen,YEM,268503,11325,3625716,0,15
875,2020,Yemen,YEM,166906,10693,4002012,0,15
1054,2021,Yemen,YEM,129001,11788,4042836,0,15
173,2016,Zambia,ZMB,29338,3318,0,0,24540
347,2017,Zambia,ZMB,41266,4675,0,0,22394
523,2018,Zambia,ZMB,49877,3300,0,0,22842
699,2019,Zambia,ZMB,57518,5081,0,0,23275
876,2020,Zambia,ZMB,66070,4293,0,0,24203
1055,2021,Zambia,ZMB,70837,4579,0,0,24560
174,2016,Zimbabwe,ZWE,7423,948,0,0,1671
348,2017,Zimbabwe,ZWE,7566,8392,0,0,2859
524,2018,Zimbabwe,ZWE,7795,10207,0,0,853
700,2019,Zimbabwe,ZWE,8956,11532,270000,0,957
877,2020,Zimbabwe,ZWE,9261,11929,0,0,967
1056,2021,Zimbabwe,ZWE,9467,12101,0,0,985
